account_id,account_name,industry,country,referral_source,plan_tier,seats,is_trial,churn_flag,signup_date,signup_month,tenure_days,n_churn_events,has_churn_event,first_churn_date,signup_quarter,tenure_bucket,first_trial_start,trial_converted,n_subscriptions,n_paid_subscriptions,n_trial_subscriptions,n_ended_subscriptions,n_upgrades,n_downgrades,annual_share,auto_renew_share,lifetime_mrr_booked,has_trial_subscription,any_upgrade,any_downgrade,highest_plan_tier,n_active_subscriptions,mrr_at_snapshot,paid_seats_at_snapshot,usage_events,total_usage_count,distinct_features,total_errors,beta_event_share,total_duration_hours,avg_minutes_per_event,error_rate,n_tickets,n_escalations,n_high_urgent_tickets,avg_resolution_hours,avg_first_response_minutes,csat_responses,avg_satisfaction,any_escalation,ticket_bucket,breadth_quartile,usage_quartile,snapshot_date,engagement_segment,high_friction
A-2e4581,Company_0,EdTech,US,partner,Basic,9,False,False,2024-10-16,2024-10-01,76,2,True,2024-11-23,2024Q4,0-6 months,2024-10-30,True,10,8,2,0,1,0,0.3,0.8,12603,True,True,False,Enterprise,10,12603,237,55,535,27,38,0.07272727272727272,42.31638888888889,46.163333333333334,0.07102803738317758,2.0,0.0,2.0,23.0,91.0,1.0,3.0,False,1-2,Q2,Q3,2024-12-31,Engaged Accounts,True
A-43a9e3,Company_1,FinTech,IN,other,Basic,18,False,True,2023-08-17,2023-08-01,502,0,False,,2023Q3,12-18 months,,,8,8,0,0,3,0,0.75,0.75,10004,False,True,False,Enterprise,8,10004,176,35,355,23,14,0.05714285714285714,28.093333333333334,48.16,0.03943661971830986,3.0,0.0,2.0,38.0,73.33333333333333,3.0,4.0,False,3-4,Q1 (lowest),Q1 (lowest),2024-12-31,Low-Engagement Accounts,False
A-0a282f,Company_2,DevTools,US,organic,Basic,1,False,False,2024-08-27,2024-08-01,126,2,True,2024-10-06,2024Q3,0-6 months,2024-12-25,True,15,14,1,3,1,1,0.4666666666666667,1.0,18286,True,True,True,Enterprise,12,13311,249,83,821,34,48,0.060240963855421686,69.78055555555555,50.4437751004016,0.058465286236297195,3.0,0.0,1.0,43.666666666666664,63.666666666666664,3.0,4.666666666666667,False,3-4,Q4 (highest),Q4 (highest),2024-12-31,Power Accounts,False
A-1f0ac7,Company_3,HealthTech,UK,other,Basic,24,True,False,2023-08-27,2023-08-01,492,1,True,2024-11-08,2023Q3,12-18 months,2024-07-11,True,7,6,1,0,2,0,0.42857142857142855,0.7142857142857143,9275,True,True,False,Enterprise,7,9275,185,41,382,26,21,0.12195121951219512,28.48,41.6780487804878,0.0549738219895288,2.0,0.0,1.0,29.0,174.0,0.0,,False,1-2,Q2,Q2,2024-12-31,Casual Accounts,False
A-ce550d,Company_4,HealthTech,US,event,Enterprise,35,False,True,2024-10-27,2024-10-01,65,1,True,2024-12-28,2024Q4,0-6 months,2024-11-13,True,9,8,1,2,2,0,0.5555555555555556,0.6666666666666666,48761,True,True,False,Enterprise,7,25355,245,58,579,32,31,0.06896551724137931,59.93861111111111,62.005459770114946,0.0535405872193437,7.0,1.0,4.0,42.285714285714285,107.85714285714286,5.0,3.8,True,7+,Q4 (highest),Q3,2024-12-31,Engaged Accounts,True
A-1b9609,Company_5,EdTech,IN,ads,Enterprise,4,False,False,2023-10-12,2023-10-01,446,3,True,2024-01-02,2023Q4,12-18 months,2024-10-03,False,11,10,1,1,0,0,0.5454545454545454,0.8181818181818182,16810,True,False,False,Enterprise,10,16614,186,47,457,28,21,0.1276595744680851,39.03916666666667,49.83723404255319,0.045951859956236324,4.0,0.0,3.0,43.0,74.75,1.0,3.0,False,3-4,Q3,Q2,2024-12-31,Casual Accounts,False
A-a0ca4e,Company_6,Cybersecurity,US,ads,Pro,11,False,False,2024-03-08,2024-03-01,298,0,False,,2024Q1,6-12 months,2024-11-19,True,9,8,1,0,0,0,0.7777777777777778,0.8888888888888888,16633,True,False,False,Enterprise,9,16633,157,39,373,26,14,0.07692307692307693,32.49,49.98461538461538,0.03753351206434316,6.0,3.0,2.0,39.166666666666664,89.83333333333333,5.0,3.8,True,5-6,Q2,Q2,2024-12-31,Casual Accounts,True
A-e5d6ab,Company_7,EdTech,US,partner,Pro,3,False,False,2023-04-15,2023-04-01,626,2,True,2023-04-24,2023Q2,18-24 months,2023-09-16,True,10,9,1,1,0,0,0.5,0.9,13048,True,False,False,Enterprise,9,12383,137,41,382,29,23,0.12195121951219512,30.97388888888889,45.327642276422765,0.060209424083769635,3.0,0.0,2.0,42.666666666666664,57.0,0.0,,False,3-4,Q3,Q2,2024-12-31,Casual Accounts,False
A-7dacce,Company_8,Cybersecurity,CA,event,Enterprise,12,False,True,2024-09-10,2024-09-01,112,3,True,2024-09-18,2024Q3,0-6 months,2024-09-10,True,10,7,3,0,1,0,0.8,0.7,23057,True,True,False,Enterprise,10,23057,143,48,472,27,29,0.10416666666666667,40.39694444444444,50.49618055555556,0.0614406779661017,4.0,0.0,4.0,32.5,75.25,3.0,3.6666666666666665,False,3-4,Q2,Q2,2024-12-31,Casual Accounts,False
A-10b8da,Company_9,DevTools,US,partner,Enterprise,14,False,True,2023-05-08,2023-05-01,603,0,False,,2023Q2,18-24 months,2024-04-27,True,6,5,1,1,1,0,0.5,0.6666666666666666,8787,True,True,False,Enterprise,5,5404,76,27,257,23,14,0.07407407407407407,20.505,45.56666666666667,0.054474708171206226,3.0,0.0,2.0,31.333333333333332,71.33333333333333,2.0,3.5,False,3-4,Q1 (lowest),Q1 (lowest),2024-12-31,Low-Engagement Accounts,False
A-592832,Company_10,Cybersecurity,US,organic,Basic,18,False,True,2024-09-25,2024-09-01,97,1,True,2024-10-04,2024Q3,0-6 months,2024-09-26,True,19,16,3,3,1,1,0.5263157894736842,0.7894736842105263,32571,True,True,True,Enterprise,16,26833,397,101,1053,38,55,0.12871287128712872,90.63416666666667,53.8420792079208,0.052231718898385564,3.0,0.0,1.0,32.666666666666664,80.66666666666667,1.0,5.0,False,3-4,Q4 (highest),Q4 (highest),2024-12-31,Power Accounts,False
A-d40bf7,Company_11,FinTech,IN,organic,Basic,59,False,False,2024-11-08,2024-11-01,53,0,False,,2024Q4,0-6 months,2024-12-13,True,10,7,3,0,1,0,0.4,0.6,43247,True,True,False,Enterprise,10,43247,413,55,562,29,22,0.09090909090909091,41.718333333333334,45.51090909090909,0.03914590747330961,2.0,0.0,2.0,20.5,125.5,2.0,5.0,False,1-2,Q3,Q3,2024-12-31,Engaged Accounts,False
A-6c093d,Company_12,DevTools,US,partner,Basic,7,True,False,2023-04-14,2023-04-01,627,0,False,,2023Q2,18-24 months,2023-09-26,True,12,10,2,3,2,0,0.5833333333333334,0.8333333333333334,16242,True,True,False,Enterprise,9,15556,154,64,670,30,30,0.15625,60.354166666666664,56.58203125,0.04477611940298507,3.0,1.0,2.0,40.333333333333336,68.33333333333333,1.0,5.0,True,3-4,Q3,Q4 (highest),2024-12-31,Engaged Accounts,True
A-462d45,Company_13,Cybersecurity,US,partner,Enterprise,11,True,False,2024-01-15,2024-01-01,351,1,True,2024-05-17,2024Q1,6-12 months,2024-02-29,True,12,10,2,2,1,2,0.5,0.8333333333333334,23432,True,True,True,Enterprise,10,18752,218,69,642,34,26,0.11594202898550725,44.3225,38.541304347826085,0.040498442367601244,4.0,0.0,3.0,26.75,95.0,1.0,4.0,False,3-4,Q4 (highest),Q4 (highest),2024-12-31,Power Accounts,False
A-956988,Company_14,EdTech,UK,ads,Enterprise,1,False,False,2024-11-30,2024-11-01,31,2,True,2024-12-08,2024Q4,0-6 months,2024-12-01,True,13,11,2,1,0,1,0.38461538461538464,0.7692307692307693,29407,True,False,True,Enterprise,12,29407,313,70,658,32,49,0.11428571428571428,48.12,41.245714285714286,0.07446808510638298,2.0,0.0,1.0,50.5,118.0,1.0,3.0,False,1-2,Q4 (highest),Q4 (highest),2024-12-31,Power Accounts,True
A-ac14bb,Company_15,FinTech,US,partner,Enterprise,21,False,False,2023-09-08,2023-09-01,480,2,True,2024-08-29,2023Q3,12-18 months,2024-02-29,True,8,7,1,2,2,0,0.5,0.875,27746,True,True,False,Enterprise,6,20382,168,54,531,31,42,0.12962962962962962,47.45166666666667,52.724074074074075,0.07909604519774012,2.0,0.0,1.0,24.5,30.5,1.0,4.0,False,1-2,Q3,Q3,2024-12-31,Engaged Accounts,True
A-463db0,Company_16,HealthTech,US,partner,Basic,15,False,False,2024-12-05,2024-12-01,26,1,True,2024-12-30,2024Q4,0-6 months,,,7,7,0,0,0,0,0.7142857142857143,0.7142857142857143,13266,False,False,False,Enterprise,7,13266,174,37,367,25,13,0.08108108108108109,29.51638888888889,47.86441441441442,0.035422343324250684,6.0,1.0,2.0,50.166666666666664,94.83333333333333,4.0,4.25,True,5-6,Q2,Q1 (lowest),2024-12-31,Low-Engagement Accounts,True
A-ce66f8,Company_17,EdTech,CA,event,Pro,29,False,False,2023-08-23,2023-08-01,496,0,False,,2023Q3,12-18 months,,,6,6,0,0,0,0,0.6666666666666666,1.0,11858,False,False,False,Enterprise,6,11858,182,46,494,29,19,0.13043478260869565,37.09972222222222,48.390942028985506,0.038461538461538464,6.0,0.0,2.0,41.666666666666664,79.16666666666667,2.0,3.5,False,5-6,Q3,Q2,2024-12-31,Casual Accounts,False
A-c4ea60,Company_18,FinTech,DE,other,Enterprise,18,False,True,2023-03-09,2023-03-01,663,0,False,,2023Q1,18-24 months,2024-02-19,True,9,8,1,0,0,1,0.5555555555555556,0.7777777777777778,14646,True,False,True,Enterprise,9,14646,174,43,427,28,18,0.20930232558139536,38.123333333333335,53.1953488372093,0.04215456674473068,5.0,0.0,1.0,36.0,59.0,5.0,3.6,False,5-6,Q3,Q2,2024-12-31,Casual Accounts,False
A-832ec2,Company_19,FinTech,UK,event,Enterprise,4,True,False,2023-11-19,2023-11-01,408,2,True,2023-12-19,2023Q4,12-18 months,2024-01-02,True,8,6,2,0,3,0,0.5,0.375,9299,True,True,False,Enterprise,8,9299,101,49,511,31,25,0.12244897959183673,43.80861111111111,53.643197278911565,0.04892367906066536,3.0,1.0,1.0,26.0,108.66666666666667,2.0,4.0,True,3-4,Q3,Q3,2024-12-31,Engaged Accounts,True
A-684255,Company_20,FinTech,US,ads,Enterprise,9,False,False,2024-04-14,2024-04-01,261,2,True,2024-05-04,2024Q2,6-12 months,2024-06-18,True,14,12,2,3,3,1,0.7142857142857143,0.6428571428571429,11844,True,True,True,Enterprise,11,10864,166,66,653,34,44,0.22727272727272727,53.29138888888889,48.446717171717175,0.06738131699846861,4.0,1.0,1.0,14.25,84.66666666666667,3.0,4.666666666666667,True,3-4,Q4 (highest),Q4 (highest),2024-12-31,Power Accounts,True
A-c42f1f,Company_21,HealthTech,US,other,Pro,8,False,False,2024-07-28,2024-07-01,156,0,False,,2024Q3,0-6 months,,,8,8,0,1,1,1,0.625,0.75,5175,False,True,True,Enterprise,7,4636,94,35,337,24,20,0.14285714285714285,27.328611111111112,46.84904761904762,0.05934718100890208,9.0,1.0,4.0,31.333333333333332,76.875,5.0,4.0,True,7+,Q2,Q1 (lowest),2024-12-31,Low-Engagement Accounts,True
A-4e44e8,Company_22,DevTools,US,ads,Enterprise,3,False,True,2024-08-20,2024-08-01,133,2,True,2024-08-25,2024Q3,0-6 months,2024-09-28,True,14,11,3,2,2,0,0.5,0.7857142857142857,36445,True,True,False,Enterprise,12,20531,209,69,687,32,37,0.11594202898550725,57.88527777777778,50.33502415458938,0.053857350800582245,3.0,0.0,1.0,31.333333333333332,76.66666666666667,3.0,3.3333333333333335,False,3-4,Q4 (highest),Q4 (highest),2024-12-31,Power Accounts,False
A-30b4ca,Company_23,EdTech,IN,organic,Basic,86,False,True,2024-05-20,2024-05-01,225,1,True,2024-09-01,2024Q2,6-12 months,2024-08-13,True,8,7,1,0,0,0,0.375,0.875,75938,True,False,False,Enterprise,8,75938,602,42,402,28,22,0.23809523809523808,35.39805555555556,50.5686507936508,0.05472636815920398,3.0,0.0,0.0,57.666666666666664,108.33333333333333,1.0,4.0,False,3-4,Q3,Q2,2024-12-31,Casual Accounts,False
A-9f2731,Company_24,FinTech,IN,event,Enterprise,1,False,False,2024-10-04,2024-10-01,88,2,True,2024-10-15,2024Q4,0-6 months,2024-10-12,True,7,4,3,0,0,1,0.42857142857142855,1.0,3613,True,False,True,Pro,7,3613,97,32,324,23,20,0.0625,27.253611111111113,51.100520833333334,0.06172839506172839,0.0,0.0,0.0,,,0.0,,False,0,Q1 (lowest),Q1 (lowest),2024-12-31,Low-Engagement Accounts,False
A-32fb14,Company_25,DevTools,US,event,Enterprise,26,False,True,2023-03-07,2023-03-01,665,3,True,2023-08-19,2023Q1,18-24 months,2023-07-18,True,9,8,1,2,2,0,0.6666666666666666,0.7777777777777778,10162,True,True,False,Enterprise,7,8775,165,47,488,27,19,0.0425531914893617,41.86333333333334,53.44255319148936,0.0389344262295082,5.0,0.0,3.0,34.0,59.6,2.0,4.5,False,5-6,Q2,Q2,2024-12-31,Casual Accounts,False
A-00cac8,Company_26,HealthTech,AU,organic,Enterprise,8,True,False,2023-09-15,2023-09-01,473,0,False,,2023Q3,12-18 months,2024-04-04,True,9,8,1,0,0,1,0.4444444444444444,0.8888888888888888,14121,True,False,True,Enterprise,9,14121,129,58,602,30,31,0.1206896551724138,47.60166666666667,49.24310344827586,0.05149501661129568,2.0,0.0,2.0,33.0,149.0,0.0,,False,1-2,Q3,Q3,2024-12-31,Engaged Accounts,False
A-35083d,Company_27,HealthTech,IN,partner,Basic,19,False,True,2023-04-28,2023-04-01,613,0,False,,2023Q2,18-24 months,2023-06-03,True,16,13,3,1,3,0,0.4375,0.875,32433,True,True,False,Enterprise,15,31502,308,72,791,29,37,0.09722222222222222,65.84861111111111,54.873842592592595,0.04677623261694058,4.0,0.0,3.0,49.75,119.0,3.0,5.0,False,3-4,Q3,Q4 (highest),2024-12-31,Engaged Accounts,False
A-eb7fac,Company_28,DevTools,US,organic,Enterprise,7,False,False,2023-10-28,2023-10-01,430,1,True,2024-07-22,2023Q4,12-18 months,,,10,10,0,1,0,0,0.3,0.9,42096,False,False,False,Enterprise,9,41753,317,53,538,27,44,0.11320754716981132,51.591388888888886,58.40534591194969,0.08178438661710037,4.0,0.0,2.0,34.0,126.5,1.0,4.0,False,3-4,Q2,Q3,2024-12-31,Engaged Accounts,True
A-b20d99,Company_29,HealthTech,IN,other,Basic,20,False,False,2023-09-27,2023-09-01,461,1,True,2024-03-04,2023Q3,12-18 months,,,7,7,0,0,1,0,0.42857142857142855,0.8571428571428571,11069,False,True,False,Enterprise,7,11069,161,33,329,22,12,0.15151515151515152,29.226111111111113,53.13838383838384,0.0364741641337386,2.0,0.0,0.0,61.5,27.0,2.0,3.5,False,1-2,Q1 (lowest),Q1 (lowest),2024-12-31,Low-Engagement Accounts,False
A-396e5f,Company_30,Cybersecurity,CA,other,Enterprise,2,False,False,2024-10-02,2024-10-01,90,1,True,2024-11-30,2024Q4,0-6 months,2024-10-23,True,10,9,1,0,2,1,0.4,0.8,10236,True,True,True,Enterprise,10,10236,174,55,540,29,23,0.09090909090909091,48.72972222222222,53.15969696969697,0.04259259259259259,5.0,1.0,4.0,24.8,87.0,1.0,4.0,True,5-6,Q3,Q3,2024-12-31,Engaged Accounts,True
A-45ce7a,Company_31,FinTech,US,ads,Enterprise,16,False,False,2023-07-23,2023-07-01,527,0,False,,2023Q3,12-18 months,2024-04-13,True,7,6,1,1,2,1,0.2857142857142857,0.7142857142857143,8216,True,True,True,Enterprise,6,7432,88,39,424,21,30,0.05128205128205128,34.71611111111111,53.409401709401706,0.07075471698113207,5.0,0.0,0.0,45.4,91.8,3.0,3.6666666666666665,False,5-6,Q1 (lowest),Q2,2024-12-31,Casual Accounts,True
A-08e34e,Company_32,EdTech,US,event,Basic,14,False,True,2024-06-27,2024-06-01,187,2,True,2024-07-13,2024Q2,6-12 months,2024-07-02,True,11,9,2,0,0,0,0.5454545454545454,0.6363636363636364,21821,True,False,False,Enterprise,11,21821,299,63,651,34,32,0.1111111111111111,51.92472222222222,49.4521164021164,0.04915514592933948,3.0,0.0,1.0,43.0,84.0,2.0,3.0,False,3-4,Q4 (highest),Q4 (highest),2024-12-31,Power Accounts,False
A-8145a0,Company_33,Cybersecurity,AU,partner,Basic,2,True,False,2023-04-25,2023-04-01,616,1,True,2023-07-12,2023Q2,18-24 months,2024-05-01,True,12,11,1,1,2,0,0.4166666666666667,0.9166666666666666,17260,True,True,False,Enterprise,11,12285,135,64,693,32,27,0.078125,55.60472222222222,52.12942708333333,0.03896103896103896,6.0,0.0,2.0,23.666666666666668,90.16666666666667,3.0,4.0,False,5-6,Q4 (highest),Q4 (highest),2024-12-31,Power Accounts,False
A-bad8c1,Company_34,FinTech,AU,organic,Basic,7,False,False,2023-03-01,2023-03-01,671,1,True,2023-10-04,2023Q1,18-24 months,2023-11-15,True,7,5,2,0,2,0,0.14285714285714285,1.0,7797,True,True,False,Enterprise,7,7797,153,37,385,29,11,0.16216216216216217,34.90972222222222,56.61036036036036,0.02857142857142857,1.0,0.0,1.0,27.0,49.0,1.0,4.0,False,1-2,Q3,Q2,2024-12-31,Casual Accounts,False
A-44dc83,Company_35,EdTech,FR,other,Basic,5,False,False,2024-05-12,2024-05-01,233,1,True,2024-11-29,2024Q2,6-12 months,2024-09-24,False,4,1,3,0,0,0,0.75,1.0,456,True,False,False,Enterprise,4,456,24,24,248,16,13,0.125,22.533055555555556,56.332638888888894,0.05241935483870968,7.0,0.0,4.0,40.857142857142854,76.14285714285714,5.0,4.6,False,7+,Q1 (lowest),Q1 (lowest),2024-12-31,Low-Engagement Accounts,False
A-f446b6,Company_36,DevTools,DE,ads,Pro,5,True,False,2023-05-12,2023-05-01,599,0,False,,2023Q2,18-24 months,,,9,9,0,1,0,0,0.4444444444444444,0.7777777777777778,11392,False,False,False,Enterprise,8,8805,135,39,376,27,31,0.07692307692307693,35.420833333333334,54.493589743589745,0.08244680851063829,8.0,1.0,6.0,30.75,82.5,4.0,4.25,True,7+,Q2,Q2,2024-12-31,Casual Accounts,True
A-a45270,Company_37,HealthTech,US,ads,Enterprise,3,False,False,2024-06-24,2024-06-01,190,1,True,2024-11-12,2024Q2,6-12 months,2024-09-14,True,12,10,2,1,2,1,0.5,0.75,20131,True,True,True,Enterprise,11,19984,196,71,733,35,53,0.056338028169014086,61.82833333333333,52.249295774647884,0.0723055934515689,4.0,0.0,3.0,64.0,110.0,2.0,4.0,False,3-4,Q4 (highest),Q4 (highest),2024-12-31,Power Accounts,True
A-854864,Company_38,FinTech,IN,event,Enterprise,20,False,False,2024-12-07,2024-12-01,24,1,True,2024-12-24,2024Q4,0-6 months,,,6,6,0,1,0,0,0.5,0.8333333333333334,14759,False,False,False,Enterprise,5,14379,171,24,248,17,10,0.16666666666666666,20.421388888888888,51.053472222222226,0.04032258064516129,5.0,0.0,2.0,44.2,100.8,5.0,4.8,False,5-6,Q1 (lowest),Q1 (lowest),2024-12-31,Low-Engagement Accounts,False
A-1b7577,Company_39,Cybersecurity,US,other,Pro,4,False,False,2024-10-27,2024-10-01,65,0,False,,2024Q4,0-6 months,2024-11-02,True,11,10,1,2,0,1,0.45454545454545453,1.0,8771,True,False,True,Enterprise,9,8505,165,62,647,33,33,0.06451612903225806,54.33277777777778,52.580107526881726,0.05100463678516229,5.0,0.0,3.0,27.2,109.4,4.0,4.0,False,5-6,Q4 (highest),Q4 (highest),2024-12-31,Power Accounts,False
A-05f0e5,Company_40,FinTech,US,partner,Basic,32,False,False,2023-05-04,2023-05-01,607,2,True,2024-01-14,2023Q2,18-24 months,,,12,12,0,0,2,0,0.6666666666666666,0.8333333333333334,51109,False,True,False,Enterprise,12,51109,541,67,706,32,46,0.13432835820895522,57.532222222222224,51.52139303482587,0.06515580736543909,4.0,0.0,2.0,20.0,108.5,3.0,4.0,False,3-4,Q4 (highest),Q4 (highest),2024-12-31,Power Accounts,False
A-9077b0,Company_41,HealthTech,US,ads,Basic,2,False,False,2024-08-25,2024-08-01,128,0,False,,2024Q3,0-6 months,2024-11-18,True,7,4,3,2,3,0,0.2857142857142857,1.0,3565,True,True,False,Enterprise,5,779,11,46,493,26,31,0.10869565217391304,40.63916666666667,53.00760869565217,0.06288032454361055,3.0,0.0,3.0,40.333333333333336,114.5,3.0,4.333333333333333,False,3-4,Q2,Q2,2024-12-31,Casual Accounts,False
A-7f8241,Company_42,EdTech,US,organic,Pro,34,False,True,2023-03-14,2023-03-01,658,0,False,,2023Q1,18-24 months,2023-11-29,True,15,14,1,0,2,0,0.4666666666666667,0.6666666666666666,39516,True,True,False,Enterprise,15,39516,504,77,734,34,38,0.06493506493506493,63.10722222222222,49.17445887445888,0.051771117166212535,1.0,0.0,0.0,36.0,135.0,1.0,3.0,False,1-2,Q4 (highest),Q4 (highest),2024-12-31,Power Accounts,False
A-2bc93d,Company_43,HealthTech,US,event,Basic,14,False,False,2023-03-14,2023-03-01,658,2,True,2023-08-10,2023Q1,18-24 months,2024-08-31,True,13,12,1,1,4,0,0.5384615384615384,0.8461538461538461,32394,True,True,False,Enterprise,12,32128,352,67,666,33,31,0.07462686567164178,59.92638888888889,53.66542288557214,0.046546546546546545,2.0,0.0,1.0,12.0,78.0,2.0,4.5,False,1-2,Q4 (highest),Q4 (highest),2024-12-31,Power Accounts,False
A-f3ff05,Company_44,FinTech,IN,other,Enterprise,2,False,False,2024-07-06,2024-07-01,178,1,True,2024-10-20,2024Q3,0-6 months,2024-11-10,True,13,12,1,1,1,0,0.5384615384615384,0.9230769230769231,19465,True,True,False,Enterprise,12,19427,203,66,672,28,36,0.06060606060606061,58.424166666666665,53.11287878787879,0.05357142857142857,3.0,0.0,1.0,42.666666666666664,111.33333333333333,2.0,3.5,False,3-4,Q3,Q4 (highest),2024-12-31,Engaged Accounts,False
A-2d4502,Company_45,FinTech,IN,event,Basic,7,False,False,2024-04-29,2024-04-01,246,1,True,2024-05-07,2024Q2,6-12 months,2024-09-25,True,10,9,1,0,2,0,0.6,0.7,29071,True,True,False,Enterprise,10,29071,229,47,465,29,19,0.14893617021276595,35.554722222222225,45.38900709219858,0.04086021505376344,3.0,0.0,2.0,26.333333333333332,37.5,2.0,5.0,False,3-4,Q3,Q2,2024-12-31,Casual Accounts,False
A-6a4e2d,Company_46,EdTech,UK,partner,Pro,9,False,False,2023-04-07,2023-04-01,634,1,True,2024-07-19,2023Q2,18-24 months,2023-05-29,True,11,10,1,3,2,1,0.6363636363636364,0.8181818181818182,10394,True,True,True,Enterprise,8,9537,183,59,597,27,31,0.05084745762711865,47.99,48.80338983050847,0.051926298157453935,2.0,1.0,0.0,18.5,141.0,2.0,4.5,True,1-2,Q2,Q3,2024-12-31,Engaged Accounts,True
A-eb7c38,Company_47,DevTools,AU,organic,Enterprise,5,False,False,2024-02-25,2024-02-01,310,1,True,2024-03-22,2024Q1,6-12 months,2024-04-11,True,15,11,4,4,3,1,0.6666666666666666,0.6666666666666666,38210,True,True,True,Enterprise,11,17144,236,70,693,33,27,0.08571428571428572,56.651666666666664,48.558571428571426,0.03896103896103896,5.0,0.0,2.0,22.4,67.4,3.0,4.333333333333333,False,5-6,Q4 (highest),Q4 (highest),2024-12-31,Power Accounts,False
A-c37601,Company_48,EdTech,US,partner,Basic,6,True,False,2024-10-31,2024-10-01,61,1,True,2024-12-17,2024Q4,0-6 months,2024-11-04,True,12,9,3,2,0,0,0.6666666666666666,0.8333333333333334,20475,True,False,False,Enterprise,10,17490,150,48,489,28,21,0.0625,36.62083333333333,45.776041666666664,0.04294478527607362,4.0,0.0,2.0,42.25,83.0,3.0,3.6666666666666665,False,3-4,Q3,Q2,2024-12-31,Casual Accounts,False
A-3b5cd1,Company_49,FinTech,US,event,Basic,13,True,False,2023-09-12,2023-09-01,476,3,True,2024-01-21,2023Q3,12-18 months,2023-09-30,True,13,11,2,0,2,1,0.46153846153846156,0.6923076923076923,23676,True,True,True,Enterprise,13,23676,204,52,523,27,24,0.09615384615384616,49.43277777777778,57.03782051282052,0.045889101338432124,5.0,0.0,2.0,27.4,46.6,2.0,4.0,False,5-6,Q2,Q3,2024-12-31,Engaged Accounts,False
A-b2225d,Company_50,FinTech,US,ads,Basic,47,False,True,2024-03-08,2024-03-01,298,3,True,2024-03-31,2024Q1,6-12 months,2024-04-02,True,12,7,5,0,1,1,0.5833333333333334,0.75,19088,True,True,True,Enterprise,12,19088,332,73,696,34,60,0.0684931506849315,65.74805555555555,54.03949771689498,0.08620689655172414,2.0,0.0,2.0,42.0,38.0,1.0,3.0,False,1-2,Q4 (highest),Q4 (highest),2024-12-31,Power Accounts,True
A-94f8c9,Company_51,HealthTech,US,other,Basic,13,False,False,2024-03-29,2024-03-01,277,1,True,2024-05-02,2024Q1,6-12 months,2024-04-17,True,16,13,3,1,2,1,0.5625,0.875,31989,True,True,True,Enterprise,15,31989,261,77,746,33,63,0.09090909090909091,56.70111111111111,44.18268398268398,0.08445040214477212,3.0,0.0,2.0,47.333333333333336,87.66666666666667,2.0,5.0,False,3-4,Q4 (highest),Q4 (highest),2024-12-31,Power Accounts,True
A-02fac6,Company_52,FinTech,US,event,Pro,22,False,False,2023-04-06,2023-04-01,635,1,True,2024-08-21,2023Q2,18-24 months,,,11,11,0,0,1,0,0.2727272727272727,0.8181818181818182,26410,False,True,False,Enterprise,11,26410,280,53,514,32,34,0.09433962264150944,47.181666666666665,53.41320754716981,0.06614785992217899,6.0,0.0,2.0,23.333333333333332,100.5,2.0,4.0,False,5-6,Q4 (highest),Q3,2024-12-31,Engaged Accounts,True
A-c1dfe1,Company_53,DevTools,DE,ads,Pro,26,False,False,2023-08-07,2023-08-01,512,2,True,2023-09-21,2023Q3,12-18 months,,,8,8,0,1,1,2,0.25,0.625,25790,False,True,True,Enterprise,7,25296,204,39,375,24,30,0.10256410256410256,35.46861111111111,54.56709401709402,0.08,3.0,0.0,2.0,50.333333333333336,93.66666666666667,1.0,4.0,False,3-4,Q2,Q2,2024-12-31,Casual Accounts,True
A-32728c,Company_54,DevTools,US,event,Pro,20,False,True,2023-01-03,2023-01-01,728,3,True,2023-01-25,2023Q1,18-24 months,2024-03-23,True,8,6,2,1,1,0,0.625,1.0,4498,True,True,False,Enterprise,7,4118,122,41,418,26,22,0.14634146341463414,32.03472222222222,46.88008130081301,0.05263157894736842,2.0,0.0,0.0,34.5,61.5,2.0,3.5,False,1-2,Q2,Q2,2024-12-31,Casual Accounts,False
A-4c38bc,Company_55,HealthTech,UK,event,Basic,36,False,True,2024-03-09,2024-03-01,297,0,False,,2024Q1,6-12 months,2024-04-21,True,16,15,1,2,2,0,0.5,0.875,48060,True,True,False,Enterprise,14,45612,468,81,818,37,27,0.12345679012345678,75.37722222222222,55.83497942386831,0.03300733496332518,3.0,0.0,2.0,48.333333333333336,43.0,2.0,3.5,False,3-4,Q4 (highest),Q4 (highest),2024-12-31,Power Accounts,False
A-1b707d,Company_56,Cybersecurity,US,organic,Enterprise,1,False,False,2023-07-14,2023-07-01,536,1,True,2023-07-21,2023Q3,12-18 months,2024-12-27,False,8,7,1,1,1,0,0.625,0.625,9332,True,True,False,Enterprise,7,9180,120,38,399,27,12,0.07894736842105263,30.682222222222222,48.44561403508772,0.03007518796992481,3.0,0.0,0.0,42.666666666666664,75.33333333333333,0.0,,False,3-4,Q2,Q2,2024-12-31,Casual Accounts,False
A-6f8ad2,Company_57,EdTech,IN,organic,Basic,1,False,False,2024-07-09,2024-07-01,175,0,False,,2024Q3,0-6 months,2024-07-22,True,17,15,2,2,2,1,0.5294117647058824,0.5882352941176471,25928,True,True,True,Enterprise,15,25046,284,88,924,38,59,0.14772727272727273,72.63583333333334,49.52443181818182,0.06385281385281386,4.0,0.0,2.0,35.25,37.25,3.0,4.333333333333333,False,3-4,Q4 (highest),Q4 (highest),2024-12-31,Power Accounts,False
A-4d1e75,Company_58,DevTools,US,other,Basic,20,False,False,2024-08-21,2024-08-01,132,1,True,2024-09-05,2024Q3,0-6 months,2024-10-18,True,13,11,2,0,3,1,0.15384615384615385,0.6923076923076923,31390,True,True,True,Enterprise,13,31390,310,51,477,28,25,0.09803921568627451,41.14055555555556,48.40065359477124,0.05241090146750524,2.0,0.0,0.0,15.0,98.5,2.0,4.0,False,1-2,Q3,Q2,2024-12-31,Casual Accounts,False
A-9ee962,Company_59,HealthTech,US,ads,Basic,9,False,True,2023-02-28,2023-02-01,672,1,True,2024-10-03,2023Q1,18-24 months,2023-09-28,True,9,7,2,2,3,1,0.5555555555555556,0.7777777777777778,9420,True,True,True,Enterprise,7,9249,111,39,439,25,17,0.07692307692307693,33.39611111111111,51.378632478632476,0.0387243735763098,3.0,0.0,1.0,37.0,69.66666666666667,1.0,4.0,False,3-4,Q2,Q2,2024-12-31,Casual Accounts,False
A-378b99,Company_60,EdTech,UK,ads,Pro,8,True,False,2024-09-01,2024-09-01,121,1,True,2024-10-12,2024Q3,0-6 months,2024-10-14,True,12,10,2,1,1,1,0.5833333333333334,1.0,12116,True,True,True,Enterprise,11,10524,216,58,565,33,38,0.08620689655172414,52.09027777777778,53.88649425287357,0.06725663716814159,6.0,0.0,1.0,28.5,78.83333333333333,4.0,4.5,False,5-6,Q4 (highest),Q3,2024-12-31,Engaged Accounts,True
A-94d3da,Company_61,HealthTech,US,other,Basic,41,False,False,2023-05-03,2023-05-01,608,1,True,2024-04-12,2023Q2,18-24 months,2023-09-09,True,12,7,5,1,1,0,0.4166666666666667,0.6666666666666666,22673,True,True,False,Enterprise,11,20664,246,48,464,29,25,0.10416666666666667,41.68083333333333,52.10104166666667,0.05387931034482758,6.0,0.0,4.0,26.833333333333332,80.5,4.0,3.5,False,5-6,Q3,Q2,2024-12-31,Casual Accounts,False
A-e351e1,Company_62,EdTech,US,other,Enterprise,33,False,False,2024-09-26,2024-09-01,96,3,True,2024-10-24,2024Q3,0-6 months,2024-11-11,True,5,4,1,1,0,0,0.2,0.8,3498,True,False,False,Pro,4,2871,99,29,295,18,22,0.10344827586206896,28.45888888888889,58.880459770114946,0.07457627118644068,4.0,0.0,1.0,17.0,65.25,4.0,3.75,False,3-4,Q1 (lowest),Q1 (lowest),2024-12-31,Low-Engagement Accounts,True
A-9badbd,Company_63,Cybersecurity,DE,ads,Enterprise,5,True,False,2024-06-19,2024-06-01,195,0,False,,2024Q2,6-12 months,2024-09-20,True,13,11,2,2,0,0,0.46153846153846156,0.7692307692307693,32477,True,False,False,Enterprise,11,20299,331,70,729,33,45,0.11428571428571428,61.21722222222222,52.47190476190476,0.06172839506172839,5.0,0.0,3.0,30.2,102.6,2.0,5.0,False,5-6,Q4 (highest),Q4 (highest),2024-12-31,Power Accounts,False
A-7e0a10,Company_64,FinTech,US,ads,Enterprise,46,False,False,2023-11-18,2023-11-01,409,1,True,2024-09-26,2023Q4,12-18 months,,,10,10,0,0,1,0,0.4,0.7,41116,False,True,False,Enterprise,10,41116,484,50,511,34,35,0.1,48.10055555555556,57.720666666666666,0.0684931506849315,5.0,0.0,5.0,39.4,62.6,2.0,4.0,False,5-6,Q4 (highest),Q3,2024-12-31,Engaged Accounts,True
A-118d55,Company_65,Cybersecurity,US,organic,Basic,8,False,False,2024-10-22,2024-10-01,70,2,True,2024-11-25,2024Q4,0-6 months,,,12,12,0,1,3,4,0.3333333333333333,0.75,23919,False,True,True,Enterprise,11,18148,172,60,599,29,33,0.08333333333333333,46.70638888888889,46.70638888888889,0.05509181969949917,5.0,0.0,1.0,24.2,56.8,3.0,4.333333333333333,False,5-6,Q3,Q3,2024-12-31,Engaged Accounts,False
A-526d93,Company_66,HealthTech,FR,organic,Basic,43,False,False,2024-04-14,2024-04-01,261,3,True,2024-07-10,2024Q2,6-12 months,2024-07-05,True,9,7,2,1,2,0,0.5555555555555556,0.5555555555555556,39201,True,True,False,Enterprise,8,30644,266,56,565,28,45,0.08928571428571429,44.225833333333334,47.38482142857143,0.07964601769911504,5.0,1.0,3.0,51.4,134.6,2.0,3.5,True,5-6,Q3,Q3,2024-12-31,Engaged Accounts,True
A-f92792,Company_67,FinTech,US,ads,Pro,1,False,False,2024-07-04,2024-07-01,180,1,True,2024-11-03,2024Q3,0-6 months,2024-09-11,True,14,11,3,0,1,1,0.5714285714285714,0.5714285714285714,18807,True,True,True,Enterprise,14,18807,183,53,528,32,31,0.11320754716981132,41.42333333333333,46.89433962264151,0.058712121212121215,2.0,0.0,0.0,45.0,82.0,1.0,4.0,False,1-2,Q4 (highest),Q3,2024-12-31,Engaged Accounts,False
A-84ebe4,Company_68,FinTech,US,ads,Pro,18,True,True,2023-03-12,2023-03-01,660,2,True,2024-01-05,2023Q1,18-24 months,2024-01-25,True,11,9,2,2,0,0,0.6363636363636364,0.9090909090909091,27994,True,False,False,Enterprise,9,27652,208,42,396,27,26,0.16666666666666666,34.34861111111111,49.06944444444444,0.06565656565656566,4.0,0.0,1.0,29.5,135.5,2.0,4.0,False,3-4,Q2,Q2,2024-12-31,Casual Accounts,False
A-5b4ebb,Company_69,Cybersecurity,UK,other,Basic,21,True,True,2024-07-10,2024-07-01,174,0,False,,2024Q3,0-6 months,2024-12-06,True,13,12,1,1,1,0,0.46153846153846156,0.8461538461538461,27803,True,True,False,Enterprise,12,27404,326,70,692,34,25,0.08571428571428572,54.52777777777778,46.738095238095234,0.036127167630057806,5.0,0.0,0.0,35.4,63.0,4.0,4.75,False,5-6,Q4 (highest),Q4 (highest),2024-12-31,Power Accounts,False
A-2922b6,Company_70,HealthTech,US,organic,Basic,15,False,False,2024-11-14,2024-11-01,47,1,True,2024-12-25,2024Q4,0-6 months,,,6,6,0,1,1,0,0.5,0.8333333333333334,10669,False,True,False,Enterprise,5,9934,136,37,393,27,13,0.05405405405405406,32.56583333333333,52.80945945945946,0.03307888040712468,2.0,0.0,2.0,15.5,103.0,1.0,4.0,False,1-2,Q2,Q2,2024-12-31,Casual Accounts,False
A-9b9fe9,Company_71,EdTech,AU,other,Basic,5,False,False,2023-09-28,2023-09-01,460,2,True,2023-12-27,2023Q3,12-18 months,2023-10-16,True,12,10,2,1,0,1,0.5,0.8333333333333334,19725,True,False,True,Enterprise,11,19480,310,58,597,30,22,0.05172413793103448,54.63916666666667,56.52327586206897,0.03685092127303183,4.0,0.0,2.0,33.5,156.5,3.0,4.0,False,3-4,Q3,Q3,2024-12-31,Engaged Accounts,False
A-a8b49c,Company_72,Cybersecurity,UK,partner,Basic,7,False,False,2023-10-06,2023-10-01,452,1,True,2024-06-17,2023Q4,12-18 months,2023-11-24,True,12,10,2,0,1,0,0.5833333333333334,0.9166666666666666,11567,True,True,False,Enterprise,12,11567,143,54,545,27,43,0.018518518518518517,50.94416666666667,56.60462962962963,0.07889908256880734,1.0,0.0,0.0,72.0,105.0,1.0,4.0,False,1-2,Q2,Q3,2024-12-31,Engaged Accounts,True
A-9174e0,Company_73,Cybersecurity,US,partner,Basic,37,False,False,2024-12-04,2024-12-01,27,0,False,,2024Q4,0-6 months,2024-12-06,True,15,13,2,1,2,0,0.3333333333333333,0.8,53976,True,True,False,Enterprise,14,46613,467,69,689,34,61,0.08695652173913043,57.260555555555555,49.79178743961352,0.08853410740203194,2.0,0.0,1.0,39.0,167.0,1.0,5.0,False,1-2,Q4 (highest),Q4 (highest),2024-12-31,Power Accounts,True
A-a1bbb6,Company_74,DevTools,CA,organic,Basic,1,False,False,2023-04-05,2023-04-01,636,0,False,,2023Q2,18-24 months,2024-10-04,False,8,7,1,1,0,0,0.375,0.625,14402,True,False,False,Enterprise,7,14157,93,37,366,23,20,0.1891891891891892,32.90694444444444,53.36261261261261,0.0546448087431694,3.0,0.0,3.0,17.666666666666668,97.0,1.0,4.0,False,3-4,Q1 (lowest),Q1 (lowest),2024-12-31,Low-Engagement Accounts,False
A-c45b23,Company_75,FinTech,UK,partner,Basic,5,False,False,2023-12-08,2023-12-01,389,1,True,2024-03-24,2023Q4,12-18 months,2024-07-05,True,12,9,3,1,0,0,0.5,0.75,8504,True,False,False,Enterprise,11,3330,60,59,581,32,30,0.1694915254237288,50.29333333333334,51.14576271186441,0.05163511187607573,3.0,0.0,3.0,36.666666666666664,51.666666666666664,1.0,3.0,False,3-4,Q4 (highest),Q3,2024-12-31,Engaged Accounts,False
A-02cd81,Company_76,HealthTech,IN,other,Basic,44,False,False,2024-03-28,2024-03-01,278,1,True,2024-04-30,2024Q1,6-12 months,2024-04-07,True,14,11,3,1,0,0,0.7142857142857143,0.7857142857142857,32956,True,False,False,Enterprise,13,30800,440,72,684,31,28,0.06944444444444445,60.91777777777778,50.76481481481481,0.04093567251461988,3.0,1.0,2.0,17.333333333333332,84.66666666666667,2.0,4.5,True,3-4,Q3,Q4 (highest),2024-12-31,Engaged Accounts,True
A-ee42db,Company_77,EdTech,DE,ads,Enterprise,13,False,False,2023-04-25,2023-04-01,616,4,True,2023-06-23,2023Q2,18-24 months,2023-06-30,True,12,8,4,0,1,1,0.5833333333333334,0.9166666666666666,11567,True,True,True,Enterprise,12,11567,263,54,511,31,33,0.1111111111111111,41.91,46.56666666666667,0.06457925636007827,4.0,0.0,2.0,33.75,98.25,1.0,3.0,False,3-4,Q3,Q3,2024-12-31,Engaged Accounts,False
A-432483,Company_78,Cybersecurity,US,ads,Pro,4,False,False,2023-02-06,2023-02-01,694,0,False,,2023Q1,18-24 months,2023-04-11,True,9,8,1,3,1,0,0.5555555555555556,0.7777777777777778,25813,True,True,False,Enterprise,6,22941,159,45,451,25,28,0.08888888888888889,42.07222222222222,56.096296296296295,0.06208425720620843,1.0,0.0,1.0,51.0,128.0,0.0,,False,1-2,Q2,Q2,2024-12-31,Casual Accounts,False
A-9208f0,Company_79,EdTech,US,organic,Pro,1,False,True,2023-05-11,2023-05-01,600,4,True,2023-11-18,2023Q2,18-24 months,2023-07-11,True,8,5,3,1,1,0,0.5,0.875,3511,True,True,False,Enterprise,7,3413,47,53,538,29,31,0.11320754716981132,44.08361111111111,49.90597484276729,0.05762081784386617,8.0,1.0,1.0,41.25,59.75,3.0,3.3333333333333335,True,7+,Q3,Q3,2024-12-31,Engaged Accounts,True
A-98a59a,Company_80,FinTech,UK,partner,Enterprise,56,False,False,2023-08-04,2023-08-01,515,1,True,2024-09-11,2023Q3,12-18 months,2024-08-01,True,10,9,1,0,2,1,0.4,0.6,36456,True,True,True,Enterprise,10,36456,504,44,455,27,21,0.18181818181818182,34.56361111111111,47.13219696969697,0.046153846153846156,3.0,0.0,2.0,37.333333333333336,74.0,2.0,4.5,False,3-4,Q2,Q2,2024-12-31,Casual Accounts,False
A-fe79a5,Company_81,HealthTech,IN,ads,Basic,9,True,False,2024-02-21,2024-02-01,314,0,False,,2024Q1,6-12 months,2024-03-02,True,10,6,4,2,2,0,0.6,0.9,13532,True,True,False,Enterprise,8,11741,59,33,335,22,17,0.06060606060606061,26.85333333333333,48.82424242424243,0.050746268656716415,4.0,0.0,2.0,28.5,61.0,2.0,5.0,False,3-4,Q1 (lowest),Q1 (lowest),2024-12-31,Low-Engagement Accounts,False
A-726cfa,Company_82,DevTools,US,partner,Pro,11,False,False,2023-07-01,2023-07-01,549,1,True,2024-08-08,2023Q3,18-24 months,2023-12-03,True,19,17,2,2,2,0,0.47368421052631576,0.8421052631578947,34782,True,True,False,Enterprise,17,34243,367,98,993,40,45,0.15306122448979592,78.32944444444445,47.95680272108844,0.045317220543806644,3.0,0.0,2.0,35.666666666666664,128.33333333333334,2.0,4.0,False,3-4,Q4 (highest),Q4 (highest),2024-12-31,Power Accounts,False
A-c43359,Company_83,FinTech,US,organic,Pro,38,False,False,2024-11-16,2024-11-01,45,2,True,2024-12-12,2024Q4,0-6 months,2024-12-10,True,8,6,2,2,2,1,0.625,1.0,12312,True,True,True,Enterprise,6,10868,152,47,461,28,32,0.10638297872340426,40.8475,52.14574468085107,0.06941431670281996,3.0,0.0,3.0,26.666666666666668,107.33333333333333,1.0,4.0,False,3-4,Q3,Q2,2024-12-31,Casual Accounts,True
A-271f46,Company_84,DevTools,US,event,Pro,38,False,True,2023-02-09,2023-02-01,691,2,True,2023-03-04,2023Q1,18-24 months,2024-01-12,True,8,6,2,0,0,0,0.375,1.0,19604,True,False,False,Enterprise,8,19604,236,38,373,25,16,0.02631578947368421,31.823055555555555,50.246929824561406,0.04289544235924933,1.0,0.0,0.0,36.0,79.0,0.0,,False,1-2,Q2,Q2,2024-12-31,Casual Accounts,False
A-157070,Company_85,FinTech,US,ads,Pro,16,False,False,2023-11-09,2023-11-01,418,2,True,2024-01-06,2023Q4,12-18 months,2024-07-03,True,16,14,2,4,2,1,0.5,0.875,27506,True,True,True,Enterprise,12,22395,225,71,696,37,26,0.09859154929577464,51.92444444444445,43.879812206572765,0.03735632183908046,3.0,1.0,1.0,42.333333333333336,118.0,1.0,3.0,True,3-4,Q4 (highest),Q4 (highest),2024-12-31,Power Accounts,True
A-40a557,Company_86,Cybersecurity,AU,partner,Pro,16,True,False,2023-12-03,2023-12-01,394,1,True,2023-12-08,2023Q4,12-18 months,2024-09-21,True,9,8,1,1,1,0,0.4444444444444444,1.0,23324,True,True,False,Enterprise,8,20140,160,39,402,25,17,0.07692307692307693,31.726944444444445,48.810683760683766,0.04228855721393035,7.0,0.0,4.0,30.571428571428573,94.71428571428571,3.0,3.6666666666666665,False,7+,Q2,Q2,2024-12-31,Casual Accounts,False
A-66224b,Company_87,HealthTech,US,other,Pro,92,True,False,2024-10-18,2024-10-01,74,0,False,,2024Q4,0-6 months,2024-11-20,True,12,8,4,1,0,0,0.5,0.75,69184,True,False,False,Enterprise,11,50876,644,61,626,34,29,0.16393442622950818,51.4525,50.60901639344262,0.0463258785942492,6.0,0.0,3.0,39.833333333333336,82.5,6.0,3.5,False,5-6,Q4 (highest),Q4 (highest),2024-12-31,Power Accounts,False
A-91e948,Company_88,EdTech,AU,partner,Basic,41,False,False,2023-01-29,2023-01-01,702,0,False,,2023Q1,18-24 months,2024-01-26,True,7,6,1,0,2,0,0.14285714285714285,1.0,21894,True,True,False,Enterprise,7,21894,246,40,404,23,16,0.0,32.016666666666666,48.025,0.039603960396039604,0.0,0.0,0.0,,,0.0,,False,0,Q1 (lowest),Q2,2024-12-31,Casual Accounts,False
A-104f1a,Company_89,Cybersecurity,US,other,Pro,24,False,False,2024-08-17,2024-08-01,136,3,True,2024-09-06,2024Q3,0-6 months,2024-09-24,True,8,7,1,1,0,0,0.125,0.875,12617,True,False,False,Pro,7,6590,170,44,438,28,22,0.045454545454545456,43.596944444444446,59.45037878787879,0.0502283105022831,5.0,1.0,1.0,33.2,50.4,4.0,3.75,True,5-6,Q3,Q2,2024-12-31,Casual Accounts,True
A-7988d1,Company_90,Cybersecurity,US,other,Basic,33,False,False,2023-12-20,2023-12-01,377,3,True,2024-01-06,2023Q4,12-18 months,2024-03-12,True,9,6,3,1,0,0,0.4444444444444444,0.7777777777777778,10692,True,False,False,Enterprise,8,10065,165,46,449,31,28,0.15217391304347827,38.40694444444444,50.096014492753625,0.062360801781737196,3.0,0.0,2.0,35.333333333333336,65.33333333333333,3.0,4.333333333333333,False,3-4,Q3,Q2,2024-12-31,Casual Accounts,False
A-faa28c,Company_91,HealthTech,US,organic,Enterprise,48,False,False,2024-01-30,2024-01-01,336,2,True,2024-05-24,2024Q1,6-12 months,2024-02-15,True,14,11,3,2,3,0,0.5,0.7857142857142857,58404,True,True,False,Enterprise,12,39300,450,59,585,25,24,0.0847457627118644,45.00194444444445,45.764689265536724,0.041025641025641026,4.0,1.0,2.0,52.25,115.5,3.0,4.666666666666667,True,3-4,Q2,Q3,2024-12-31,Engaged Accounts,True
A-f25509,Company_92,EdTech,US,other,Enterprise,32,False,False,2024-03-22,2024-03-01,284,3,True,2024-05-17,2024Q1,6-12 months,2024-06-16,True,5,4,1,0,0,1,0.6,0.8,16122,True,False,True,Enterprise,5,16122,168,23,229,17,15,0.13043478260869565,20.44527777777778,53.33550724637681,0.06550218340611354,6.0,0.0,4.0,42.666666666666664,116.0,3.0,4.666666666666667,False,5-6,Q1 (lowest),Q1 (lowest),2024-12-31,Low-Engagement Accounts,False
A-3a7284,Company_93,FinTech,US,organic,Enterprise,31,False,False,2024-11-17,2024-11-01,44,1,True,2024-12-26,2024Q4,0-6 months,2024-12-25,True,12,11,1,3,1,2,0.4166666666666667,0.9166666666666666,35519,True,True,True,Enterprise,9,32515,295,60,609,33,30,0.15,53.211666666666666,53.211666666666666,0.04926108374384237,3.0,0.0,3.0,56.333333333333336,104.33333333333333,2.0,3.5,False,3-4,Q4 (highest),Q3,2024-12-31,Engaged Accounts,False
A-3a5ad8,Company_94,HealthTech,US,organic,Enterprise,9,True,False,2023-12-05,2023-12-01,392,0,False,,2023Q4,12-18 months,2023-12-18,True,13,9,4,0,1,1,0.38461538461538464,0.8461538461538461,28701,True,True,True,Enterprise,13,28701,279,52,506,27,23,0.1346153846153846,35.52166666666667,40.98653846153846,0.045454545454545456,4.0,0.0,4.0,44.75,53.5,2.0,4.5,False,3-4,Q2,Q3,2024-12-31,Engaged Accounts,False
A-65a46c,Company_95,HealthTech,US,event,Pro,1,False,False,2023-11-04,2023-11-01,423,0,False,,2023Q4,12-18 months,2024-10-17,True,8,7,1,1,2,0,0.25,0.875,22675,True,True,False,Enterprise,7,22675,235,38,370,24,21,0.18421052631578946,32.00527777777778,50.53464912280702,0.05675675675675676,8.0,0.0,6.0,45.125,91.125,5.0,4.0,False,7+,Q2,Q1 (lowest),2024-12-31,Low-Engagement Accounts,False
A-8b25f2,Company_96,Cybersecurity,US,ads,Pro,6,False,True,2024-02-17,2024-02-01,318,0,False,,2024Q1,6-12 months,2024-02-19,True,13,11,2,2,1,2,0.5384615384615384,1.0,14048,True,True,True,Enterprise,11,12965,125,54,565,29,20,0.1111111111111111,44.27611111111111,49.19567901234568,0.035398230088495575,2.0,0.0,0.0,35.5,50.5,2.0,4.0,False,1-2,Q3,Q3,2024-12-31,Engaged Accounts,False
A-fabe19,Company_97,DevTools,UK,ads,Enterprise,1,False,False,2024-11-11,2024-11-01,50,0,False,,2024Q4,0-6 months,2024-12-20,True,7,5,2,2,2,0,0.5714285714285714,0.42857142857142855,20497,True,True,False,Enterprise,5,9552,48,33,337,20,16,0.030303030303030304,31.379444444444445,57.05353535353535,0.04747774480712166,3.0,0.0,3.0,40.666666666666664,38.333333333333336,1.0,4.0,False,3-4,Q1 (lowest),Q1 (lowest),2024-12-31,Low-Engagement Accounts,False
A-adc1f3,Company_98,Cybersecurity,US,organic,Pro,2,False,False,2024-08-05,2024-08-01,148,0,False,,2024Q3,0-6 months,2024-09-18,True,9,8,1,1,0,0,0.6666666666666666,0.7777777777777778,26608,True,False,False,Enterprise,8,16658,92,36,334,24,26,0.1388888888888889,33.37027777777778,55.61712962962963,0.07784431137724551,3.0,0.0,2.0,47.333333333333336,65.0,2.0,3.5,False,3-4,Q2,Q1 (lowest),2024-12-31,Low-Engagement Accounts,True
A-503d5a,Company_99,FinTech,US,other,Enterprise,4,False,True,2023-10-21,2023-10-01,437,0,False,,2023Q4,12-18 months,2023-12-18,True,12,9,3,0,0,1,0.3333333333333333,0.8333333333333334,17884,True,False,True,Enterprise,12,17884,196,59,605,34,32,0.1016949152542373,58.768055555555556,59.764124293785315,0.05289256198347107,9.0,0.0,4.0,36.55555555555556,81.77777777777777,3.0,4.0,False,7+,Q4 (highest),Q3,2024-12-31,Engaged Accounts,False
A-fd7ad3,Company_100,Cybersecurity,US,event,Enterprise,1,False,False,2024-11-01,2024-11-01,60,4,True,2024-11-12,2024Q4,0-6 months,2024-11-02,True,10,7,3,2,2,0,0.5,0.9,3831,True,True,False,Enterprise,8,904,46,56,567,31,42,0.16071428571428573,47.76583333333333,51.17767857142857,0.07407407407407407,8.0,1.0,4.0,48.75,98.125,6.0,4.166666666666667,True,7+,Q3,Q3,2024-12-31,Engaged Accounts,True
A-186a44,Company_101,HealthTech,US,ads,Enterprise,20,False,False,2023-08-07,2023-08-01,512,0,False,,2023Q3,12-18 months,2024-05-20,True,14,9,5,1,1,1,0.35714285714285715,0.7142857142857143,20989,True,True,True,Enterprise,13,20609,191,61,614,30,25,0.11475409836065574,57.094166666666666,56.15819672131148,0.04071661237785016,7.0,0.0,5.0,38.285714285714285,110.42857142857143,4.0,3.5,False,7+,Q3,Q3,2024-12-31,Engaged Accounts,False
A-e888d1,Company_102,Cybersecurity,US,other,Pro,14,False,False,2023-03-28,2023-03-01,644,3,True,2023-06-06,2023Q1,18-24 months,2023-07-05,True,11,8,3,2,1,0,0.36363636363636365,0.7272727272727273,13646,True,True,False,Enterprise,9,10462,148,52,552,31,36,0.09615384615384616,43.91305555555556,50.66891025641026,0.06521739130434782,5.0,1.0,3.0,43.0,104.0,3.0,4.0,True,5-6,Q3,Q3,2024-12-31,Engaged Accounts,True
A-69fad4,Company_103,FinTech,UK,ads,Basic,6,False,True,2023-04-06,2023-04-01,635,1,True,2024-06-17,2023Q2,18-24 months,2024-03-24,False,7,6,1,2,0,0,0.42857142857142855,0.8571428571428571,8721,True,False,False,Enterprise,5,3678,42,39,412,24,24,0.10256410256410256,34.62388888888889,53.26752136752137,0.05825242718446602,4.0,0.0,1.0,43.0,101.0,3.0,3.6666666666666665,False,3-4,Q2,Q2,2024-12-31,Casual Accounts,False
A-9289f6,Company_104,EdTech,US,event,Enterprise,1,False,False,2023-05-31,2023-05-01,580,1,True,2023-08-24,2023Q2,18-24 months,2023-11-15,True,12,10,2,1,2,0,0.5833333333333334,0.8333333333333334,13096,True,True,False,Enterprise,11,12868,202,68,642,33,38,0.10294117647058823,55.65972222222222,49.111519607843135,0.059190031152647975,6.0,0.0,3.0,37.5,70.0,3.0,4.333333333333333,False,5-6,Q4 (highest),Q4 (highest),2024-12-31,Power Accounts,False
A-f19409,Company_105,DevTools,US,other,Basic,23,False,True,2023-03-16,2023-03-01,656,2,True,2023-03-26,2023Q1,18-24 months,2024-06-12,True,12,11,1,1,2,0,0.6666666666666666,0.8333333333333334,34136,True,True,False,Enterprise,11,29559,291,62,659,33,31,0.1935483870967742,58.28111111111111,56.4010752688172,0.04704097116843703,3.0,0.0,1.0,6.333333333333333,110.0,1.0,4.0,False,3-4,Q4 (highest),Q4 (highest),2024-12-31,Power Accounts,False
A-22f2df,Company_106,DevTools,US,ads,Basic,3,False,False,2024-12-14,2024-12-01,17,0,False,,2024Q4,0-6 months,2024-12-26,True,9,8,1,0,1,1,0.6666666666666666,0.7777777777777778,7451,True,True,True,Enterprise,9,7451,149,42,429,25,17,0.11904761904761904,33.090833333333336,47.272619047619045,0.039627039627039624,5.0,0.0,5.0,44.8,71.6,1.0,5.0,False,5-6,Q2,Q2,2024-12-31,Casual Accounts,False
A-039727,Company_107,EdTech,AU,organic,Pro,25,False,False,2024-11-02,2024-11-01,59,1,True,2024-12-22,2024Q4,0-6 months,2024-11-28,True,15,13,2,1,3,2,0.6666666666666666,0.8,36420,True,True,True,Enterprise,14,31445,305,74,768,33,32,0.04054054054054054,69.31805555555556,56.203828828828826,0.041666666666666664,0.0,0.0,0.0,,,0.0,,False,0,Q4 (highest),Q4 (highest),2024-12-31,Power Accounts,False
A-2e3bad,Company_108,FinTech,CA,other,Pro,61,False,False,2023-08-13,2023-08-01,506,1,True,2024-03-30,2023Q3,12-18 months,2024-03-11,True,10,8,2,2,0,0,0.6,0.8,45872,True,False,False,Enterprise,8,41724,366,45,435,25,26,0.13333333333333333,34.37166666666667,45.82888888888888,0.059770114942528735,5.0,0.0,2.0,31.4,107.0,2.0,3.5,False,5-6,Q2,Q2,2024-12-31,Casual Accounts,False
A-484819,Company_109,HealthTech,US,organic,Pro,18,False,False,2023-02-21,2023-02-01,679,2,True,2023-06-29,2023Q1,18-24 months,,,8,8,0,2,3,0,0.75,0.875,20604,False,True,False,Enterprise,6,15088,112,33,336,22,20,0.09090909090909091,32.24333333333333,58.624242424242425,0.05952380952380952,5.0,0.0,3.0,33.2,139.6,2.0,4.5,False,5-6,Q1 (lowest),Q1 (lowest),2024-12-31,Low-Engagement Accounts,False
A-425e76,Company_110,DevTools,UK,other,Enterprise,8,False,True,2023-05-17,2023-05-01,594,4,True,2023-08-10,2023Q2,18-24 months,,,11,11,0,1,1,0,0.2727272727272727,0.9090909090909091,17111,False,True,False,Enterprise,10,10743,237,48,438,29,24,0.10416666666666667,37.89416666666666,47.36770833333333,0.0547945205479452,5.0,1.0,3.0,48.2,119.2,3.0,3.3333333333333335,True,5-6,Q3,Q2,2024-12-31,Casual Accounts,True
A-e83938,Company_111,DevTools,UK,other,Pro,2,True,True,2023-11-21,2023-11-01,406,3,True,2024-02-19,2023Q4,12-18 months,2024-04-25,True,8,7,1,0,2,0,0.5,0.75,7503,True,True,False,Enterprise,8,7503,117,31,266,22,18,0.06451612903225806,24.235833333333332,46.90806451612903,0.06766917293233082,4.0,0.0,0.0,31.0,72.5,1.0,3.0,False,3-4,Q1 (lowest),Q1 (lowest),2024-12-31,Low-Engagement Accounts,True
A-ad296b,Company_112,DevTools,AU,event,Pro,38,False,False,2024-07-15,2024-07-01,169,0,False,,2024Q3,0-6 months,2024-07-23,True,6,5,1,1,0,0,0.8333333333333334,1.0,18430,True,False,False,Enterprise,5,17708,152,31,294,24,12,0.06451612903225806,28.834722222222222,55.80913978494623,0.04081632653061224,3.0,1.0,2.0,28.333333333333332,83.33333333333333,3.0,3.6666666666666665,True,3-4,Q2,Q1 (lowest),2024-12-31,Low-Engagement Accounts,True
A-e51ec7,Company_113,FinTech,CA,partner,Enterprise,2,False,False,2023-09-23,2023-09-01,465,3,True,2024-01-15,2023Q3,12-18 months,2024-03-22,True,8,5,3,1,2,1,0.625,0.75,24076,True,True,True,Enterprise,7,24076,124,40,417,26,18,0.1,35.206944444444446,52.81041666666667,0.04316546762589928,3.0,0.0,1.0,37.0,93.33333333333333,1.0,5.0,False,3-4,Q2,Q2,2024-12-31,Casual Accounts,False
A-0aaf6e,Company_114,FinTech,US,organic,Enterprise,3,False,False,2024-05-11,2024-05-01,234,0,False,,2024Q2,6-12 months,2024-07-16,True,9,7,2,1,0,0,0.4444444444444444,0.6666666666666666,24084,True,False,False,Enterprise,8,23496,174,57,599,25,39,0.10526315789473684,47.900555555555556,50.42163742690059,0.0651085141903172,5.0,0.0,1.0,45.0,75.4,2.0,4.0,False,5-6,Q2,Q3,2024-12-31,Engaged Accounts,False
A-e61e98,Company_115,FinTech,US,partner,Enterprise,19,False,True,2023-10-20,2023-10-01,438,1,True,2024-10-19,2023Q4,12-18 months,2024-01-05,True,9,8,1,0,2,0,0.4444444444444444,0.7777777777777778,13484,True,True,False,Enterprise,9,13484,206,56,527,32,25,0.125,36.665,39.28392857142857,0.04743833017077799,6.0,1.0,2.0,30.333333333333332,88.5,5.0,4.6,True,5-6,Q4 (highest),Q3,2024-12-31,Engaged Accounts,True
A-92a333,Company_116,FinTech,US,event,Enterprise,9,False,False,2023-03-24,2023-03-01,648,0,False,,2023Q1,18-24 months,,,6,6,0,0,0,1,0.5,1.0,10659,False,False,True,Enterprise,6,10659,141,36,364,22,30,0.05555555555555555,28.790277777777778,47.9837962962963,0.08241758241758242,4.0,1.0,1.0,23.25,58.25,0.0,,True,3-4,Q1 (lowest),Q1 (lowest),2024-12-31,Low-Engagement Accounts,True
A-95b24a,Company_117,FinTech,US,event,Pro,38,False,True,2023-06-06,2023-06-01,574,0,False,,2023Q2,18-24 months,2024-06-28,True,11,9,2,0,4,1,0.5454545454545454,0.6363636363636364,25034,True,True,True,Enterprise,11,25034,356,62,611,32,34,0.12903225806451613,52.46,50.76774193548387,0.05564648117839607,5.0,0.0,4.0,21.2,90.4,4.0,4.25,False,5-6,Q4 (highest),Q3,2024-12-31,Engaged Accounts,False
A-42e5e1,Company_118,DevTools,US,ads,Pro,1,False,True,2024-07-09,2024-07-01,175,1,True,2024-10-04,2024Q3,0-6 months,2024-08-02,True,7,5,2,1,1,1,0.5714285714285714,0.8571428571428571,8916,True,True,True,Enterprise,6,4936,34,41,411,24,41,0.04878048780487805,32.41777777777778,47.44065040650407,0.09975669099756691,3.0,0.0,2.0,29.0,81.33333333333333,3.0,4.0,False,3-4,Q2,Q2,2024-12-31,Casual Accounts,True
A-7d514c,Company_119,HealthTech,DE,organic,Enterprise,17,False,False,2024-02-03,2024-02-01,332,0,False,,2024Q1,6-12 months,2024-02-13,True,9,7,2,1,2,0,0.1111111111111111,0.8888888888888888,24274,True,True,False,Enterprise,8,15717,123,48,502,30,30,0.14583333333333334,40.75194444444445,50.939930555555556,0.05976095617529881,3.0,0.0,2.0,33.333333333333336,49.666666666666664,1.0,5.0,False,3-4,Q3,Q3,2024-12-31,Engaged Accounts,False
A-65aeb5,Company_120,DevTools,US,partner,Pro,9,False,False,2024-01-25,2024-01-01,341,2,True,2024-02-27,2024Q1,6-12 months,2024-05-11,True,12,11,1,3,0,1,0.5,0.75,34392,True,False,True,Enterprise,9,19893,147,55,533,30,40,0.05454545454545454,41.120555555555555,44.85878787878788,0.075046904315197,2.0,0.0,1.0,42.5,159.5,1.0,5.0,False,1-2,Q3,Q3,2024-12-31,Engaged Accounts,True
A-e2cd1b,Company_121,DevTools,US,other,Enterprise,15,False,False,2024-02-04,2024-02-01,331,0,False,,2024Q1,6-12 months,2024-06-24,True,9,7,2,0,1,0,0.5555555555555556,1.0,12548,True,True,False,Enterprise,9,12548,272,49,465,29,18,0.14285714285714285,38.34527777777778,46.95340136054422,0.03870967741935484,5.0,0.0,3.0,37.8,76.0,4.0,4.0,False,5-6,Q3,Q2,2024-12-31,Casual Accounts,False
A-180abf,Company_122,DevTools,US,event,Pro,64,False,True,2023-08-14,2023-08-01,505,5,True,2023-12-04,2023Q3,12-18 months,2024-01-17,True,9,7,2,2,2,0,0.4444444444444444,0.7777777777777778,37312,True,True,False,Enterprise,7,24576,384,48,499,29,28,0.10416666666666667,37.84722222222222,47.30902777777778,0.056112224448897796,3.0,0.0,0.0,36.333333333333336,62.333333333333336,1.0,3.0,False,3-4,Q3,Q3,2024-12-31,Engaged Accounts,False
A-f17767,Company_123,DevTools,US,event,Enterprise,1,True,True,2023-01-30,2023-01-01,701,1,True,2023-05-03,2023Q1,18-24 months,,,14,14,0,2,3,1,0.35714285714285715,0.9285714285714286,16139,False,True,True,Enterprise,12,14914,166,69,713,35,38,0.057971014492753624,58.049166666666665,50.47753623188406,0.05329593267882188,3.0,1.0,2.0,36.333333333333336,115.0,2.0,4.0,True,3-4,Q4 (highest),Q4 (highest),2024-12-31,Power Accounts,True
A-5a184f,Company_124,DevTools,DE,other,Enterprise,1,False,True,2023-06-19,2023-06-01,561,3,True,2023-07-23,2023Q2,18-24 months,2023-08-31,True,10,9,1,1,0,1,0.6,1.0,20683,True,False,True,Enterprise,9,19999,211,57,587,30,29,0.03508771929824561,48.785833333333336,51.353508771929825,0.049403747870528106,3.0,0.0,1.0,15.333333333333334,42.333333333333336,3.0,4.333333333333333,False,3-4,Q3,Q3,2024-12-31,Engaged Accounts,False
A-7df7a7,Company_125,DevTools,US,organic,Basic,7,False,True,2023-01-28,2023-01-01,703,1,True,2024-07-10,2023Q1,18-24 months,2023-03-03,True,15,13,2,1,0,2,0.4,0.8,29155,True,False,True,Enterprise,14,26568,162,91,922,36,47,0.10989010989010989,71.33638888888889,47.03498168498168,0.0509761388286334,3.0,1.0,3.0,28.0,93.0,3.0,4.0,True,3-4,Q4 (highest),Q4 (highest),2024-12-31,Power Accounts,True
A-1ac5e0,Company_126,DevTools,US,event,Basic,33,False,True,2024-10-20,2024-10-01,72,0,False,,2024Q4,0-6 months,2024-11-24,True,10,7,3,0,0,0,0.3,0.5,18249,True,False,False,Enterprise,10,18249,231,56,558,31,31,0.125,46.64,49.97142857142857,0.05555555555555555,7.0,0.0,4.0,40.42857142857143,76.0,5.0,3.8,False,7+,Q3,Q3,2024-12-31,Engaged Accounts,False
A-52dd88,Company_127,Cybersecurity,US,ads,Pro,23,False,False,2023-02-21,2023-02-01,679,0,False,,2023Q1,18-24 months,2023-12-15,True,11,10,1,0,1,0,0.6363636363636364,0.6363636363636364,16592,True,True,False,Enterprise,11,16592,248,50,516,28,33,0.08,50.228611111111114,60.27433333333333,0.06395348837209303,1.0,0.0,0.0,72.0,111.0,0.0,,False,1-2,Q3,Q3,2024-12-31,Engaged Accounts,False
A-bece89,Company_128,Cybersecurity,IN,event,Pro,26,False,False,2023-12-01,2023-12-01,396,2,True,2023-12-16,2023Q4,12-18 months,,,6,6,0,0,1,0,0.6666666666666666,0.6666666666666666,19250,False,True,False,Enterprise,6,19250,170,19,176,16,13,0.10526315789473684,13.364444444444445,42.203508771929826,0.07386363636363637,4.0,1.0,2.0,32.5,103.75,3.0,4.0,True,3-4,Q1 (lowest),Q1 (lowest),2024-12-31,Low-Engagement Accounts,True
A-029f69,Company_129,Cybersecurity,CA,event,Basic,3,False,False,2024-03-07,2024-03-01,299,3,True,2024-06-17,2024Q1,6-12 months,2024-08-11,True,16,14,2,3,2,0,0.6875,0.625,14638,True,True,False,Enterprise,13,13324,166,84,789,37,42,0.10714285714285714,67.02083333333333,47.87202380952381,0.053231939163498096,2.0,0.0,1.0,42.0,108.0,1.0,3.0,False,1-2,Q4 (highest),Q4 (highest),2024-12-31,Power Accounts,False
A-5c046d,Company_130,EdTech,FR,partner,Basic,93,False,False,2024-07-06,2024-07-01,178,0,False,,2024Q3,0-6 months,,,8,8,0,0,0,0,0.625,0.75,83886,False,False,False,Enterprise,8,83886,744,46,475,27,23,0.10869565217391304,35.535,46.35,0.04842105263157895,1.0,0.0,0.0,13.0,128.0,1.0,3.0,False,1-2,Q2,Q2,2024-12-31,Casual Accounts,False
A-fb186e,Company_131,EdTech,IN,organic,Basic,29,False,False,2024-10-27,2024-10-01,65,0,False,,2024Q4,0-6 months,2024-11-16,True,3,1,2,0,0,0,0.6666666666666666,0.6666666666666666,5771,True,False,False,Enterprise,3,5771,29,20,207,15,7,0.15,20.04722222222222,60.141666666666666,0.033816425120772944,6.0,0.0,2.0,26.166666666666668,81.0,3.0,3.6666666666666665,False,5-6,Q1 (lowest),Q1 (lowest),2024-12-31,Low-Engagement Accounts,False
A-ae052e,Company_132,FinTech,CA,other,Basic,39,False,False,2023-09-11,2023-09-01,477,4,True,2023-10-07,2023Q3,12-18 months,2024-01-22,True,6,4,2,3,1,1,0.3333333333333333,1.0,7693,True,True,True,Pro,3,3822,78,29,300,24,12,0.20689655172413793,24.550833333333333,50.7948275862069,0.04,4.0,0.0,2.0,31.25,60.5,2.0,4.0,False,3-4,Q2,Q1 (lowest),2024-12-31,Low-Engagement Accounts,False
A-9f9299,Company_133,FinTech,US,organic,Enterprise,28,True,False,2023-09-02,2023-09-01,486,2,True,2024-03-24,2023Q3,12-18 months,,,15,15,0,3,0,0,0.4666666666666667,0.6,42403,False,False,False,Enterprise,12,34087,373,85,830,37,54,0.11764705882352941,71.79583333333333,50.67941176470588,0.06506024096385542,5.0,0.0,2.0,36.2,116.2,1.0,5.0,False,5-6,Q4 (highest),Q4 (highest),2024-12-31,Power Accounts,False
A-96e141,Company_134,DevTools,UK,partner,Basic,14,False,False,2023-08-12,2023-08-01,507,2,True,2024-07-22,2023Q3,12-18 months,2023-10-14,True,7,6,1,1,0,0,0.2857142857142857,1.0,15468,True,False,False,Enterprise,6,15183,117,36,346,26,19,0.05555555555555555,22.663055555555555,37.77175925925926,0.05491329479768786,5.0,0.0,3.0,32.8,68.4,3.0,4.333333333333333,False,5-6,Q2,Q1 (lowest),2024-12-31,Low-Engagement Accounts,False
A-117171,Company_135,HealthTech,FR,organic,Basic,45,False,True,2024-09-12,2024-09-01,110,3,True,2024-10-13,2024Q3,0-6 months,2024-10-20,True,5,3,2,1,0,1,0.4,1.0,12015,True,False,True,Enterprise,4,9810,90,21,208,15,11,0.047619047619047616,16.628888888888888,47.511111111111106,0.052884615384615384,6.0,1.0,2.0,32.5,68.33333333333333,3.0,3.6666666666666665,True,5-6,Q1 (lowest),Q1 (lowest),2024-12-31,Low-Engagement Accounts,True
A-313be3,Company_136,EdTech,US,partner,Enterprise,47,True,False,2023-11-15,2023-11-01,412,2,True,2023-12-09,2023Q4,12-18 months,2023-11-25,True,11,5,6,0,1,0,0.6363636363636364,0.7272727272727273,19006,True,True,False,Enterprise,11,19006,244,57,560,33,40,0.05263157894736842,45.706944444444446,48.1125730994152,0.07142857142857142,4.0,1.0,3.0,22.5,80.25,1.0,5.0,True,3-4,Q4 (highest),Q3,2024-12-31,Engaged Accounts,True
A-671f31,Company_137,DevTools,US,ads,Basic,59,False,False,2024-11-24,2024-11-01,37,0,False,,2024Q4,0-6 months,2024-12-28,False,6,5,1,0,0,1,0.8333333333333334,0.8333333333333334,30385,True,False,True,Enterprise,6,30385,295,17,167,13,16,0.0,12.069166666666666,42.597058823529416,0.09580838323353294,7.0,0.0,5.0,33.0,78.0,5.0,4.2,False,7+,Q1 (lowest),Q1 (lowest),2024-12-31,Low-Engagement Accounts,True
A-bbc346,Company_138,FinTech,US,partner,Enterprise,19,False,False,2024-08-29,2024-08-01,124,2,True,2024-10-31,2024Q3,0-6 months,2024-09-27,True,13,10,3,2,3,2,0.6923076923076923,0.8461538461538461,33122,True,True,True,Enterprise,11,32142,258,62,650,34,37,0.0967741935483871,49.82666666666667,48.21935483870968,0.05692307692307692,3.0,0.0,1.0,45.333333333333336,102.66666666666667,2.0,4.5,False,3-4,Q4 (highest),Q4 (highest),2024-12-31,Power Accounts,False
A-c16101,Company_139,EdTech,IN,other,Basic,7,False,False,2024-09-06,2024-09-01,116,2,True,2024-11-13,2024Q3,0-6 months,,,10,10,0,0,1,1,0.4,0.9,12422,False,True,True,Enterprise,10,12422,158,55,561,31,29,0.16363636363636364,51.66222222222222,56.35878787878788,0.05169340463458111,4.0,1.0,4.0,28.0,82.0,1.0,5.0,True,3-4,Q3,Q3,2024-12-31,Engaged Accounts,True
A-50f3f7,Company_140,HealthTech,US,partner,Basic,31,False,True,2023-12-22,2023-12-01,375,0,False,,2023Q4,12-18 months,2024-05-13,True,15,13,2,0,0,2,0.6,0.8666666666666667,44077,True,False,True,Enterprise,15,44077,523,72,685,30,45,0.09722222222222222,57.47027777777778,47.891898148148144,0.06569343065693431,6.0,1.0,2.0,37.833333333333336,67.83333333333333,3.0,5.0,True,5-6,Q3,Q4 (highest),2024-12-31,Engaged Accounts,True
A-7da956,Company_141,Cybersecurity,US,event,Pro,13,True,False,2024-06-02,2024-06-01,212,0,False,,2024Q2,6-12 months,2024-06-15,True,12,9,3,2,1,2,0.5,0.9166666666666666,10963,True,True,True,Enterprise,10,7930,100,51,543,28,35,0.0784313725490196,41.78638888888889,49.16045751633987,0.06445672191528545,3.0,0.0,1.0,32.666666666666664,88.0,1.0,5.0,False,3-4,Q3,Q3,2024-12-31,Engaged Accounts,False
A-019782,Company_142,DevTools,FR,event,Enterprise,11,False,False,2023-04-19,2023-04-01,622,0,False,,2023Q2,18-24 months,2024-02-22,True,9,7,2,1,1,0,0.7777777777777778,0.6666666666666666,8353,True,True,False,Enterprise,8,5169,81,55,562,28,30,0.05454545454545454,44.68,48.74181818181818,0.05338078291814947,2.0,0.0,2.0,10.0,107.0,1.0,3.0,False,1-2,Q3,Q3,2024-12-31,Engaged Accounts,False
A-df10db,Company_143,DevTools,US,other,Enterprise,2,True,False,2023-06-06,2023-06-01,574,2,True,2024-05-19,2023Q2,18-24 months,2024-07-02,True,11,10,1,1,2,0,0.36363636363636365,0.8181818181818182,11730,True,True,False,Enterprise,10,11464,106,64,697,31,40,0.03125,59.715555555555554,55.983333333333334,0.05738880918220947,2.0,1.0,0.0,68.5,86.5,2.0,3.0,True,1-2,Q3,Q4 (highest),2024-12-31,Engaged Accounts,True
A-3932db,Company_144,HealthTech,CA,other,Pro,19,True,True,2023-10-04,2023-10-01,454,0,False,,2023Q4,12-18 months,2024-07-24,True,9,6,3,1,2,1,0.2222222222222222,1.0,14087,True,True,True,Enterprise,8,14087,173,46,434,28,28,0.08695652173913043,37.48972222222222,48.89963768115942,0.06451612903225806,6.0,0.0,3.0,41.0,86.5,3.0,4.333333333333333,False,5-6,Q3,Q2,2024-12-31,Casual Accounts,False
A-4f18f0,Company_145,DevTools,CA,other,Pro,24,True,False,2024-04-21,2024-04-01,254,2,True,2024-05-27,2024Q2,6-12 months,2024-04-25,True,12,10,2,3,0,1,0.4166666666666667,0.75,30264,True,False,True,Enterprise,9,29333,227,57,544,33,25,0.10526315789473684,46.68083333333333,49.137719298245614,0.04595588235294118,5.0,0.0,2.0,39.2,61.4,4.0,4.0,False,5-6,Q4 (highest),Q3,2024-12-31,Engaged Accounts,False
A-4c6f11,Company_146,FinTech,CA,organic,Pro,24,True,True,2023-11-27,2023-11-01,400,2,True,2024-06-29,2023Q4,12-18 months,,,5,5,0,0,0,1,0.4,0.6,7586,False,False,True,Enterprise,5,7586,134,24,268,20,4,0.041666666666666664,23.570833333333333,58.927083333333336,0.014925373134328358,3.0,0.0,3.0,44.666666666666664,63.0,3.0,4.333333333333333,False,3-4,Q1 (lowest),Q1 (lowest),2024-12-31,Low-Engagement Accounts,False
A-8ae05d,Company_147,FinTech,IN,other,Enterprise,86,False,False,2024-04-06,2024-04-01,269,1,True,2024-08-30,2024Q2,6-12 months,2024-06-09,True,7,5,2,1,0,0,0.42857142857142855,0.7142857142857143,26230,True,False,False,Enterprise,6,9116,344,20,203,16,10,0.05,21.512777777777778,64.53833333333334,0.04926108374384237,1.0,0.0,1.0,47.0,48.0,1.0,4.0,False,1-2,Q1 (lowest),Q1 (lowest),2024-12-31,Low-Engagement Accounts,False
A-b78bf8,Company_148,DevTools,US,event,Pro,33,False,False,2024-11-15,2024-11-01,46,1,True,2024-12-06,2024Q4,0-6 months,2024-12-18,True,8,7,1,0,1,1,0.25,1.0,22423,True,True,True,Enterprise,8,22423,247,42,421,24,11,0.16666666666666666,34.38944444444444,49.12777777777777,0.026128266033254157,5.0,0.0,3.0,24.2,88.8,5.0,4.2,False,5-6,Q2,Q2,2024-12-31,Casual Accounts,False
A-eafc6e,Company_149,DevTools,US,partner,Pro,27,False,True,2023-07-06,2023-07-01,544,2,True,2023-07-31,2023Q3,18-24 months,2024-09-28,False,7,5,2,0,0,0,0.2857142857142857,0.8571428571428571,16229,True,False,False,Enterprise,7,16229,191,32,300,23,15,0.09375,25.060555555555556,46.98854166666667,0.05,1.0,0.0,0.0,64.0,136.0,0.0,,False,1-2,Q1 (lowest),Q1 (lowest),2024-12-31,Low-Engagement Accounts,False
A-37f969,Company_150,HealthTech,IN,partner,Enterprise,30,False,False,2023-10-14,2023-10-01,444,4,True,2024-02-12,2023Q4,12-18 months,,,8,8,0,0,2,0,0.375,0.75,22959,False,True,False,Enterprise,8,22959,261,32,312,25,14,0.15625,29.95888888888889,56.172916666666666,0.04487179487179487,5.0,1.0,2.0,22.2,94.0,3.0,3.6666666666666665,True,5-6,Q2,Q1 (lowest),2024-12-31,Low-Engagement Accounts,True
A-10b8f2,Company_151,HealthTech,DE,organic,Basic,47,True,False,2023-01-11,2023-01-01,720,1,True,2024-06-04,2023Q1,18-24 months,2023-02-05,True,12,9,3,0,1,0,0.75,0.6666666666666666,30719,True,True,False,Enterprise,12,30719,491,56,560,29,23,0.17857142857142858,48.10638888888889,51.54255952380952,0.04107142857142857,3.0,0.0,1.0,46.333333333333336,67.0,3.0,4.333333333333333,False,3-4,Q3,Q3,2024-12-31,Engaged Accounts,False
A-439b2f,Company_152,DevTools,US,ads,Enterprise,1,False,True,2024-02-21,2024-02-01,314,2,True,2024-08-02,2024Q1,6-12 months,2024-04-16,True,6,5,1,1,1,0,0.5,0.8333333333333334,1796,True,True,False,Enterprise,5,1796,44,20,171,14,5,0.1,15.075277777777778,45.225833333333334,0.029239766081871343,3.0,0.0,2.0,18.333333333333332,85.33333333333333,0.0,,False,3-4,Q1 (lowest),Q1 (lowest),2024-12-31,Low-Engagement Accounts,False
A-544d0a,Company_153,DevTools,US,organic,Basic,2,True,False,2024-05-02,2024-05-01,243,0,False,,2024Q2,6-12 months,2024-11-29,True,10,9,1,0,1,2,0.4,0.7,18492,True,True,True,Enterprise,10,18492,168,47,510,27,22,0.14893617021276595,42.45166666666667,54.193617021276594,0.043137254901960784,2.0,1.0,1.0,38.5,98.0,2.0,4.0,True,1-2,Q2,Q3,2024-12-31,Engaged Accounts,True
A-ba6516,Company_154,FinTech,US,ads,Pro,27,False,False,2023-10-29,2023-10-01,429,1,True,2024-03-17,2023Q4,12-18 months,2024-03-14,True,13,10,3,0,1,3,0.38461538461538464,0.7692307692307693,28379,True,True,True,Enterprise,13,28379,281,60,642,31,32,0.13333333333333333,59.32055555555556,59.32055555555555,0.04984423676012461,6.0,0.0,1.0,31.5,71.0,4.0,4.0,False,5-6,Q3,Q4 (highest),2024-12-31,Engaged Accounts,False
A-712426,Company_155,HealthTech,US,other,Enterprise,9,False,False,2024-11-10,2024-11-01,51,3,True,2024-11-21,2024Q4,0-6 months,2024-11-10,True,15,12,3,2,2,0,0.5333333333333333,1.0,11197,True,True,False,Enterprise,13,8671,229,70,696,32,31,0.08571428571428572,59.63361111111111,51.11452380952381,0.04454022988505747,6.0,0.0,2.0,37.333333333333336,79.16666666666667,5.0,4.4,False,5-6,Q4 (highest),Q4 (highest),2024-12-31,Power Accounts,False
A-038089,Company_156,DevTools,FR,other,Pro,5,False,True,2023-12-19,2023-12-01,378,2,True,2024-10-21,2023Q4,12-18 months,,,3,3,0,0,0,0,0.6666666666666666,1.0,2104,False,False,False,Pro,3,2104,46,20,210,15,15,0.05,17.686944444444446,53.060833333333335,0.07142857142857142,6.0,0.0,2.0,30.166666666666668,86.16666666666667,3.0,3.6666666666666665,False,5-6,Q1 (lowest),Q1 (lowest),2024-12-31,Low-Engagement Accounts,True
A-afa505,Company_157,DevTools,US,partner,Basic,70,True,False,2023-12-27,2023-12-01,370,1,True,2024-03-02,2023Q4,12-18 months,2024-02-10,True,9,7,2,1,2,1,0.2222222222222222,0.5555555555555556,66010,True,True,True,Enterprise,8,62580,420,51,507,33,28,0.1568627450980392,45.18694444444444,53.16111111111111,0.055226824457593686,4.0,1.0,2.0,37.25,88.25,2.0,3.0,True,3-4,Q4 (highest),Q3,2024-12-31,Engaged Accounts,True
A-d5a319,Company_158,FinTech,US,other,Enterprise,15,False,True,2023-05-04,2023-05-01,607,0,False,,2023Q2,18-24 months,2023-06-27,True,12,10,2,0,3,2,0.5833333333333334,0.8333333333333334,37847,True,True,True,Enterprise,12,37847,263,59,604,32,43,0.0847457627118644,59.07083333333333,60.07203389830509,0.07119205298013245,1.0,1.0,0.0,17.0,132.0,1.0,4.0,True,1-2,Q4 (highest),Q3,2024-12-31,Engaged Accounts,True
A-f97b9a,Company_159,FinTech,US,event,Pro,16,False,False,2023-07-09,2023-07-01,541,0,False,,2023Q3,18-24 months,2023-09-10,True,11,7,4,0,1,0,0.6363636363636364,0.7272727272727273,23833,True,True,False,Enterprise,11,23833,187,56,561,29,33,0.10714285714285714,48.1225,51.55982142857143,0.058823529411764705,7.0,0.0,3.0,31.714285714285715,61.333333333333336,3.0,3.6666666666666665,False,7+,Q3,Q3,2024-12-31,Engaged Accounts,False
A-2f6a32,Company_160,HealthTech,US,organic,Basic,19,False,False,2024-08-26,2024-08-01,127,0,False,,2024Q3,0-6 months,2024-09-16,True,11,9,2,2,1,0,0.6363636363636364,1.0,7513,True,True,False,Pro,9,6221,179,66,654,32,46,0.09090909090909091,57.57861111111111,52.344191919191914,0.07033639143730887,2.0,0.0,0.0,41.0,72.0,2.0,3.5,False,1-2,Q4 (highest),Q4 (highest),2024-12-31,Power Accounts,True
A-856b1e,Company_161,FinTech,US,partner,Basic,19,False,False,2023-10-31,2023-10-01,427,0,False,,2023Q4,12-18 months,2024-10-17,False,6,5,1,0,1,0,0.0,0.8333333333333334,6321,True,True,False,Pro,6,6321,129,23,230,17,24,0.17391304347826086,17.61611111111111,45.95507246376812,0.10434782608695652,5.0,1.0,0.0,36.0,68.5,0.0,,True,5-6,Q1 (lowest),Q1 (lowest),2024-12-31,Low-Engagement Accounts,True
A-17939a,Company_162,HealthTech,US,organic,Basic,1,False,False,2024-12-26,2024-12-01,5,0,False,,2024Q4,0-6 months,2024-12-28,True,11,10,1,2,0,0,0.36363636363636365,0.8181818181818182,9669,True,False,False,Enterprise,9,8035,205,47,440,25,43,0.10638297872340426,33.8125,43.16489361702127,0.09772727272727273,7.0,0.0,5.0,38.0,83.42857142857143,4.0,4.5,False,7+,Q2,Q2,2024-12-31,Casual Accounts,True
A-d27f50,Company_163,Cybersecurity,UK,ads,Enterprise,44,False,False,2024-07-20,2024-07-01,164,0,False,,2024Q3,0-6 months,2024-11-29,True,12,10,2,3,1,0,0.4166666666666667,0.75,44815,True,True,False,Enterprise,9,25671,309,50,481,29,31,0.08,47.250277777777775,56.70033333333333,0.06444906444906445,4.0,0.0,2.0,37.5,116.5,4.0,3.75,False,3-4,Q3,Q2,2024-12-31,Casual Accounts,False
A-e36807,Company_164,EdTech,AU,other,Pro,6,False,False,2024-05-17,2024-05-01,228,0,False,,2024Q2,6-12 months,2024-07-07,True,10,8,2,1,0,0,0.5,0.8,12569,True,False,False,Enterprise,9,10707,213,49,446,27,27,0.08163265306122448,39.124722222222225,47.9078231292517,0.06053811659192825,2.0,0.0,1.0,41.0,152.0,2.0,4.5,False,1-2,Q2,Q2,2024-12-31,Casual Accounts,False
A-ff79f2,Company_165,DevTools,US,ads,Basic,8,False,True,2024-04-25,2024-04-01,250,0,False,,2024Q2,6-12 months,2024-10-17,True,9,8,1,2,2,0,0.4444444444444444,0.6666666666666666,27873,True,True,False,Enterprise,7,23408,212,41,393,24,12,0.0975609756097561,37.18,54.40975609756097,0.030534351145038167,2.0,0.0,0.0,50.0,82.5,0.0,,False,1-2,Q2,Q2,2024-12-31,Casual Accounts,False
A-5b1bcd,Company_166,DevTools,US,organic,Pro,73,False,False,2023-09-16,2023-09-01,472,1,True,2024-08-07,2023Q3,12-18 months,2024-04-13,True,15,14,1,1,3,0,0.6666666666666666,0.8666666666666667,133298,True,True,False,Enterprise,14,131911,949,86,869,34,54,0.06976744186046512,69.80111111111111,48.6984496124031,0.06214039125431531,4.0,0.0,3.0,43.25,92.5,2.0,4.5,False,3-4,Q4 (highest),Q4 (highest),2024-12-31,Power Accounts,False
A-71615e,Company_167,EdTech,US,organic,Basic,15,False,False,2024-05-18,2024-05-01,227,1,True,2024-07-16,2024Q2,6-12 months,2024-08-21,True,13,11,2,0,3,0,0.5384615384615384,0.7692307692307693,40713,True,True,False,Enterprise,13,40713,327,62,620,29,41,0.06451612903225806,54.11083333333333,52.36532258064516,0.06612903225806452,1.0,0.0,0.0,49.0,77.0,0.0,,False,1-2,Q3,Q4 (highest),2024-12-31,Engaged Accounts,True
A-794a0b,Company_168,HealthTech,DE,organic,Basic,23,False,False,2023-06-02,2023-06-01,578,1,True,2024-09-09,2023Q2,18-24 months,2023-08-07,True,7,5,2,0,0,0,0.42857142857142855,0.7142857142857143,10575,True,False,False,Enterprise,7,10575,135,38,347,28,31,0.02631578947368421,26.166666666666668,41.315789473684205,0.0893371757925072,0.0,0.0,0.0,,,0.0,,False,0,Q3,Q1 (lowest),2024-12-31,Low-Engagement Accounts,True
A-86902e,Company_169,HealthTech,IN,other,Enterprise,34,False,False,2023-05-02,2023-05-01,609,1,True,2024-12-07,2023Q2,18-24 months,2023-07-21,True,10,8,2,1,2,0,0.5,0.9,36041,True,True,False,Enterprise,9,36041,299,63,628,32,36,0.09523809523809523,56.2025,53.52619047619047,0.05732484076433121,9.0,0.0,4.0,40.888888888888886,71.44444444444444,4.0,3.5,False,7+,Q4 (highest),Q4 (highest),2024-12-31,Power Accounts,False
A-0532a9,Company_170,FinTech,IN,event,Pro,19,False,False,2024-09-25,2024-09-01,97,1,True,2024-10-09,2024Q3,0-6 months,,,10,10,0,0,4,1,0.7,0.5,15161,False,True,True,Enterprise,10,15161,209,54,519,30,30,0.12962962962962962,43.83111111111111,48.70123456790123,0.057803468208092484,8.0,0.0,1.0,30.75,73.375,1.0,3.0,False,7+,Q3,Q3,2024-12-31,Engaged Accounts,False
A-9779ad,Company_171,Cybersecurity,AU,event,Pro,40,True,True,2024-03-29,2024-03-01,277,3,True,2024-04-17,2024Q1,6-12 months,2024-07-07,True,10,8,2,0,0,0,0.4,0.5,51680,True,False,False,Enterprise,10,51680,320,43,413,29,25,0.06976744186046512,30.299722222222222,42.27868217054264,0.06053268765133172,3.0,0.0,2.0,20.666666666666668,116.33333333333333,1.0,5.0,False,3-4,Q3,Q2,2024-12-31,Casual Accounts,False
A-f45426,Company_172,HealthTech,US,organic,Basic,9,False,False,2024-08-05,2024-08-01,148,2,True,2024-08-05,2024Q3,0-6 months,2024-08-05,True,11,8,3,2,0,3,0.45454545454545453,0.7272727272727273,17289,True,False,True,Enterprise,9,14959,121,61,624,33,49,0.08196721311475409,53.23638888888889,52.36366120218579,0.07852564102564102,3.0,0.0,2.0,17.0,69.0,1.0,4.0,False,3-4,Q4 (highest),Q4 (highest),2024-12-31,Power Accounts,True
A-c1e51e,Company_173,FinTech,US,organic,Basic,3,False,False,2024-10-02,2024-10-01,90,2,True,2024-11-09,2024Q4,0-6 months,,,10,10,0,3,1,1,0.4,1.0,23905,False,True,True,Enterprise,7,18772,148,50,518,28,36,0.14,42.285555555555554,50.742666666666665,0.0694980694980695,5.0,0.0,5.0,40.0,75.6,5.0,3.2,False,5-6,Q3,Q3,2024-12-31,Engaged Accounts,True
A-fa3095,Company_174,FinTech,US,ads,Basic,70,False,False,2023-09-03,2023-09-01,485,1,True,2023-12-23,2023Q3,12-18 months,2023-09-18,True,12,11,1,0,0,0,0.5833333333333334,1.0,69230,True,False,False,Enterprise,12,69230,770,59,600,31,42,0.0847457627118644,56.138888888888886,57.090395480225986,0.07,5.0,0.0,3.0,49.2,84.0,2.0,5.0,False,5-6,Q3,Q3,2024-12-31,Engaged Accounts,True
A-ad64c6,Company_175,DevTools,UK,event,Pro,12,False,False,2024-02-23,2024-02-01,312,2,True,2024-07-03,2024Q1,6-12 months,2024-07-24,True,6,5,1,1,0,0,0.5,0.6666666666666666,14708,True,False,False,Enterprise,5,14120,80,20,215,16,18,0.1,22.1125,66.3375,0.08372093023255814,4.0,0.0,2.0,34.0,98.5,1.0,5.0,False,3-4,Q1 (lowest),Q1 (lowest),2024-12-31,Low-Engagement Accounts,True
A-39b19f,Company_176,FinTech,US,partner,Enterprise,1,False,False,2023-02-03,2023-02-01,697,1,True,2023-03-11,2023Q1,18-24 months,2024-09-04,True,11,9,2,2,1,1,0.2727272727272727,0.7272727272727273,21237,True,True,True,Enterprise,9,11902,208,55,530,30,37,0.09090909090909091,37.51694444444445,40.92757575757575,0.06981132075471698,6.0,1.0,3.0,47.833333333333336,87.5,4.0,4.25,True,5-6,Q3,Q3,2024-12-31,Engaged Accounts,True
A-56962b,Company_177,EdTech,UK,partner,Enterprise,163,False,False,2024-04-09,2024-04-01,266,2,True,2024-07-27,2024Q2,6-12 months,2024-05-15,True,7,5,2,1,1,0,0.2857142857142857,0.8571428571428571,54605,True,True,False,Enterprise,6,54605,815,29,271,16,25,0.13793103448275862,22.76222222222222,47.094252873563214,0.09225092250922509,4.0,0.0,1.0,37.5,105.5,1.0,3.0,False,3-4,Q1 (lowest),Q1 (lowest),2024-12-31,Low-Engagement Accounts,True
A-e60f9d,Company_178,FinTech,US,other,Basic,29,False,False,2024-08-26,2024-08-01,127,0,False,,2024Q3,0-6 months,2024-11-24,True,15,12,3,2,0,2,0.6,0.9333333333333333,50817,True,False,True,Enterprise,13,50095,415,62,629,30,24,0.08064516129032258,44.051944444444445,42.630913978494625,0.03815580286168521,2.0,0.0,2.0,70.5,106.5,0.0,,False,1-2,Q3,Q4 (highest),2024-12-31,Engaged Accounts,False
A-88c6ca,Company_179,FinTech,DE,ads,Basic,5,False,True,2024-10-25,2024-10-01,67,0,False,,2024Q4,0-6 months,2024-11-22,True,7,6,1,0,0,0,0.2857142857142857,1.0,6449,True,False,False,Enterprise,7,6449,101,43,446,27,19,0.18604651162790697,36.165277777777774,50.46317829457364,0.042600896860986545,1.0,0.0,1.0,56.0,12.0,0.0,,False,1-2,Q2,Q2,2024-12-31,Casual Accounts,False
A-158f4e,Company_180,FinTech,IN,other,Enterprise,61,False,False,2023-03-03,2023-03-01,669,2,True,2023-03-05,2023Q1,18-24 months,2023-08-30,True,12,11,1,1,0,0,0.5,0.8333333333333334,43859,True,False,False,Enterprise,11,42700,610,49,453,32,29,0.061224489795918366,34.571666666666665,42.33265306122449,0.0640176600441501,5.0,0.0,3.0,27.6,126.0,3.0,4.333333333333333,False,5-6,Q4 (highest),Q2,2024-12-31,Casual Accounts,False
A-5b051a,Company_181,Cybersecurity,US,event,Enterprise,22,False,False,2024-08-05,2024-08-01,148,0,False,,2024Q3,0-6 months,,,4,4,0,1,0,0,0.25,1.0,2332,False,False,False,Pro,3,1914,66,16,171,14,17,0.1875,12.462222222222222,46.733333333333334,0.09941520467836257,1.0,0.0,1.0,2.0,2.0,1.0,3.0,False,1-2,Q1 (lowest),Q1 (lowest),2024-12-31,Low-Engagement Accounts,True
A-296d7c,Company_182,DevTools,DE,other,Enterprise,2,False,False,2023-11-08,2023-11-01,419,1,True,2024-11-04,2023Q4,12-18 months,2024-07-19,True,7,6,1,0,0,0,0.7142857142857143,0.7142857142857143,1989,True,False,False,Enterprise,7,1989,51,33,357,21,18,0.21212121212121213,34.65361111111111,63.006565656565655,0.05042016806722689,5.0,0.0,2.0,50.4,105.2,4.0,3.75,False,5-6,Q1 (lowest),Q1 (lowest),2024-12-31,Low-Engagement Accounts,False
A-1619f8,Company_183,DevTools,US,organic,Pro,29,False,False,2024-05-20,2024-05-01,225,3,True,2024-06-03,2024Q2,6-12 months,2024-06-10,True,7,6,1,0,1,0,0.42857142857142855,0.7142857142857143,19790,True,True,False,Enterprise,7,19790,200,42,432,27,26,0.047619047619047616,39.66305555555556,56.66150793650794,0.06018518518518518,3.0,0.0,1.0,42.0,81.0,1.0,5.0,False,3-4,Q2,Q2,2024-12-31,Casual Accounts,False
A-a1b80b,Company_184,HealthTech,US,organic,Basic,16,False,False,2023-11-27,2023-11-01,400,1,True,2024-07-11,2023Q4,12-18 months,2024-05-16,True,16,14,2,1,3,1,0.75,0.75,34589,True,True,True,Enterprise,15,34589,311,72,749,33,48,0.06944444444444445,61.83611111111111,51.530092592592595,0.06408544726301736,4.0,0.0,1.0,41.0,72.5,3.0,4.0,False,3-4,Q4 (highest),Q4 (highest),2024-12-31,Power Accounts,False
A-139c3b,Company_185,HealthTech,US,organic,Enterprise,10,True,True,2024-11-21,2024-11-01,40,0,False,,2024Q4,0-6 months,2024-12-30,True,8,7,1,2,1,0,0.625,0.75,9027,True,True,False,Enterprise,6,6822,108,44,478,27,16,0.1590909090909091,41.83361111111111,57.045833333333334,0.03347280334728033,9.0,0.0,4.0,28.444444444444443,66.11111111111111,4.0,4.5,False,7+,Q2,Q2,2024-12-31,Casual Accounts,False
A-702032,Company_186,HealthTech,US,ads,Pro,28,False,False,2023-10-03,2023-10-01,455,2,True,2024-04-18,2023Q4,12-18 months,2024-07-07,True,6,5,1,2,1,0,0.6666666666666666,0.8333333333333334,8540,True,True,False,Enterprise,4,7168,112,26,285,19,15,0.038461538461538464,25.493333333333332,58.83076923076923,0.05263157894736842,4.0,0.0,1.0,26.0,98.25,2.0,3.0,False,3-4,Q1 (lowest),Q1 (lowest),2024-12-31,Low-Engagement Accounts,False
A-7a0d69,Company_187,DevTools,DE,ads,Enterprise,4,True,True,2024-06-15,2024-06-01,199,3,True,2024-07-09,2024Q2,6-12 months,2024-07-21,True,11,8,3,0,2,0,0.45454545454545453,0.9090909090909091,10362,True,True,False,Enterprise,11,10362,108,61,606,31,31,0.08196721311475409,49.76861111111111,48.95273224043716,0.05115511551155116,2.0,0.0,2.0,29.0,52.5,1.0,5.0,False,1-2,Q3,Q3,2024-12-31,Engaged Accounts,False
A-22d9d2,Company_188,DevTools,FR,event,Pro,8,False,False,2024-03-22,2024-03-01,284,1,True,2024-10-17,2024Q1,6-12 months,2024-04-30,True,14,13,1,3,2,1,0.42857142857142855,0.7857142857142857,18746,True,True,True,Enterprise,11,14336,224,75,782,35,43,0.08,66.5775,53.26199999999999,0.054987212276214836,6.0,1.0,4.0,16.0,88.0,4.0,4.0,True,5-6,Q4 (highest),Q4 (highest),2024-12-31,Power Accounts,True
A-b9eed8,Company_189,Cybersecurity,US,organic,Basic,11,False,False,2024-02-23,2024-02-01,312,1,True,2024-04-23,2024Q1,6-12 months,,,11,11,0,0,0,3,0.6363636363636364,0.8181818181818182,16577,False,False,True,Enterprise,11,16577,173,61,623,29,55,0.14754098360655737,46.79833333333333,46.03114754098361,0.08828250401284109,5.0,1.0,2.0,29.2,103.8,4.0,3.75,True,5-6,Q3,Q4 (highest),2024-12-31,Engaged Accounts,True
A-dfbd31,Company_190,DevTools,UK,partner,Enterprise,14,False,False,2023-12-04,2023-12-01,393,2,True,2024-01-01,2023Q4,12-18 months,2023-12-10,True,14,11,3,0,1,1,0.42857142857142855,0.7857142857142857,25079,True,True,True,Enterprise,14,25079,311,54,599,27,19,0.12962962962962962,50.631388888888885,56.257098765432104,0.03171953255425709,6.0,0.0,3.0,29.666666666666668,129.83333333333334,4.0,4.25,False,5-6,Q2,Q3,2024-12-31,Engaged Accounts,False
A-8e47ca,Company_191,HealthTech,US,organic,Pro,19,False,False,2024-02-15,2024-02-01,320,3,True,2024-06-01,2024Q1,6-12 months,,,9,9,0,1,1,0,0.3333333333333333,0.7777777777777778,28120,False,True,False,Enterprise,8,23145,165,46,441,29,35,0.043478260869565216,37.0825,48.368478260869566,0.07936507936507936,5.0,1.0,3.0,33.4,80.6,2.0,4.0,True,5-6,Q3,Q2,2024-12-31,Casual Accounts,True
A-4437e4,Company_192,Cybersecurity,US,event,Enterprise,3,False,False,2023-09-16,2023-09-01,472,1,True,2024-06-21,2023Q3,12-18 months,2023-11-20,True,16,13,3,1,4,1,0.5,0.9375,17831,True,True,True,Enterprise,15,17831,209,83,806,37,43,0.0963855421686747,72.2975,52.26325301204819,0.05334987593052109,6.0,2.0,3.0,34.666666666666664,116.8,2.0,3.0,True,5-6,Q4 (highest),Q4 (highest),2024-12-31,Power Accounts,True
A-779e4e,Company_193,HealthTech,US,organic,Basic,5,False,False,2023-01-02,2023-01-01,729,0,False,,2023Q1,18-24 months,,,10,10,0,2,2,1,0.6,0.9,28081,False,True,True,Enterprise,8,19986,234,44,393,28,20,0.13636363636363635,30.843888888888888,42.05984848484848,0.05089058524173028,5.0,0.0,4.0,26.6,91.6,4.0,4.0,False,5-6,Q3,Q2,2024-12-31,Casual Accounts,False
A-53f4e3,Company_194,Cybersecurity,UK,event,Enterprise,13,False,False,2024-06-14,2024-06-01,200,1,True,2024-12-06,2024Q2,6-12 months,,,10,10,0,1,0,0,0.6,0.8,15072,False,False,False,Enterprise,9,11092,238,44,410,29,45,0.022727272727272728,35.42472222222222,48.30643939393939,0.10975609756097561,5.0,0.0,5.0,28.6,99.0,3.0,4.0,False,5-6,Q3,Q2,2024-12-31,Casual Accounts,True
A-692f18,Company_195,EdTech,US,other,Basic,5,True,True,2024-03-28,2024-03-01,278,1,True,2024-12-23,2024Q1,6-12 months,2024-06-02,True,17,14,3,1,2,1,0.5294117647058824,0.7058823529411765,30550,True,True,True,Enterprise,16,24978,222,87,871,36,55,0.10344827586206896,72.75305555555556,50.174521072796935,0.06314580941446613,2.0,0.0,1.0,37.5,120.0,1.0,5.0,False,1-2,Q4 (highest),Q4 (highest),2024-12-31,Power Accounts,False
A-13466a,Company_196,DevTools,AU,event,Basic,2,False,True,2023-10-22,2023-10-01,436,2,True,2023-11-18,2023Q4,12-18 months,2024-04-20,True,6,5,1,4,0,0,0.5,0.8333333333333334,13343,True,False,False,Enterprise,2,171,9,22,205,17,14,0.09090909090909091,15.983055555555556,43.59015151515152,0.06829268292682927,3.0,1.0,2.0,32.333333333333336,94.33333333333333,3.0,4.333333333333333,True,3-4,Q1 (lowest),Q1 (lowest),2024-12-31,Low-Engagement Accounts,True
A-1986ca,Company_197,HealthTech,IN,ads,Pro,20,False,False,2023-01-30,2023-01-01,701,0,False,,2023Q1,18-24 months,2023-11-16,True,7,6,1,0,1,0,0.2857142857142857,0.5714285714285714,27661,True,True,False,Enterprise,7,27661,139,37,362,26,23,0.13513513513513514,28.439444444444444,46.11801801801802,0.06353591160220995,7.0,0.0,5.0,36.57142857142857,106.57142857142857,5.0,3.4,False,7+,Q2,Q1 (lowest),2024-12-31,Low-Engagement Accounts,False
A-0cc442,Company_198,EdTech,US,organic,Basic,45,False,False,2024-07-18,2024-07-01,166,4,True,2024-07-20,2024Q3,0-6 months,2024-07-27,True,13,11,2,2,3,1,0.38461538461538464,0.6923076923076923,61935,True,True,True,Enterprise,11,60092,458,77,765,34,41,0.09090909090909091,64.09972222222223,49.9478354978355,0.05359477124183006,3.0,0.0,1.0,37.0,47.333333333333336,1.0,3.0,False,3-4,Q4 (highest),Q4 (highest),2024-12-31,Power Accounts,False
A-c608c8,Company_199,DevTools,DE,ads,Pro,3,False,True,2023-04-27,2023-04-01,614,1,True,2024-06-04,2023Q2,18-24 months,,,8,8,0,1,1,1,0.375,0.75,9514,False,True,True,Enterprise,7,7325,125,43,445,29,27,0.11627906976744186,40.09583333333333,55.94767441860465,0.060674157303370786,2.0,0.0,0.0,59.0,66.0,1.0,3.0,False,1-2,Q3,Q2,2024-12-31,Casual Accounts,False
A-3be56b,Company_200,HealthTech,IN,event,Pro,3,False,True,2023-10-26,2023-10-01,432,2,True,2024-01-10,2023Q4,12-18 months,2023-11-22,True,12,9,3,2,1,1,0.5,0.75,17040,True,True,True,Enterprise,10,15325,205,55,528,28,33,0.14545454545454545,47.196666666666665,51.487272727272725,0.0625,4.0,0.0,0.0,40.25,74.0,4.0,3.5,False,3-4,Q3,Q3,2024-12-31,Engaged Accounts,False
A-354f12,Company_201,FinTech,US,ads,Pro,1,True,False,2024-04-28,2024-04-01,247,1,True,2024-09-19,2024Q2,6-12 months,,,4,4,0,0,0,1,0.5,1.0,8889,False,False,True,Enterprise,4,8889,51,15,158,14,3,0.06666666666666667,13.475,53.9,0.0189873417721519,2.0,0.0,0.0,56.5,137.5,0.0,,False,1-2,Q1 (lowest),Q1 (lowest),2024-12-31,Low-Engagement Accounts,False
A-68f37c,Company_202,HealthTech,US,ads,Basic,4,False,False,2023-07-15,2023-07-01,535,4,True,2024-02-08,2023Q3,12-18 months,2023-08-15,True,12,10,2,2,3,0,0.3333333333333333,0.9166666666666666,32270,True,True,False,Enterprise,10,31474,346,65,624,30,40,0.09230769230769231,56.32111111111111,51.98871794871795,0.0641025641025641,5.0,0.0,2.0,20.2,107.5,1.0,4.0,False,5-6,Q3,Q4 (highest),2024-12-31,Engaged Accounts,False
A-aa9511,Company_203,DevTools,US,other,Pro,23,True,False,2023-10-10,2023-10-01,448,1,True,2023-10-17,2023Q4,12-18 months,2024-04-13,True,15,12,3,2,0,1,0.4,0.8666666666666667,60970,True,False,True,Enterprise,13,55995,375,65,625,33,35,0.07692307692307693,52.64611111111111,48.59641025641026,0.056,2.0,0.0,2.0,56.5,98.5,1.0,4.0,False,1-2,Q4 (highest),Q4 (highest),2024-12-31,Power Accounts,False
A-af0cd2,Company_204,Cybersecurity,IN,other,Enterprise,19,True,False,2023-01-03,2023-01-01,728,1,True,2023-10-26,2023Q1,18-24 months,2023-07-10,True,11,9,2,2,1,0,0.5454545454545454,0.8181818181818182,6460,True,True,False,Pro,9,5529,201,70,687,31,33,0.11428571428571428,62.60166666666667,53.65857142857143,0.048034934497816595,3.0,0.0,1.0,54.333333333333336,149.33333333333334,0.0,,False,3-4,Q3,Q4 (highest),2024-12-31,Engaged Accounts,False
A-bd4513,Company_205,DevTools,AU,event,Enterprise,50,True,False,2024-11-06,2024-11-01,55,2,True,2024-12-07,2024Q4,0-6 months,,,12,12,0,2,2,0,0.6666666666666666,0.8333333333333334,52204,False,True,False,Enterprise,10,48804,516,51,507,28,34,0.0784313725490196,43.76305555555555,51.4859477124183,0.0670611439842209,3.0,0.0,1.0,42.0,58.666666666666664,3.0,4.666666666666667,False,3-4,Q3,Q3,2024-12-31,Engaged Accounts,True
A-c222ab,Company_206,Cybersecurity,US,other,Pro,32,False,True,2024-05-10,2024-05-01,235,3,True,2024-06-10,2024Q2,6-12 months,,,7,7,0,1,1,0,0.2857142857142857,0.8571428571428571,18656,False,True,False,Enterprise,6,18048,192,45,435,27,33,0.13333333333333333,37.066944444444445,49.422592592592586,0.07586206896551724,4.0,0.0,2.0,39.0,94.5,1.0,5.0,False,3-4,Q2,Q2,2024-12-31,Casual Accounts,True
A-34d880,Company_207,Cybersecurity,AU,ads,Enterprise,4,False,False,2024-04-11,2024-04-01,264,1,True,2024-12-20,2024Q2,6-12 months,2024-06-04,True,9,7,2,1,0,0,0.1111111111111111,0.6666666666666666,20964,True,False,False,Enterprise,8,20185,115,47,474,29,40,0.06382978723404255,40.117777777777775,51.214184397163116,0.08438818565400844,5.0,0.0,1.0,52.2,90.8,5.0,3.0,False,5-6,Q3,Q2,2024-12-31,Casual Accounts,True
A-508199,Company_208,FinTech,AU,event,Basic,19,False,False,2024-01-28,2024-01-01,338,0,False,,2024Q1,6-12 months,2024-12-11,False,5,4,1,0,0,0,0.6,0.6,8436,True,False,False,Enterprise,5,8436,84,24,231,16,15,0.08333333333333333,22.330277777777777,55.825694444444444,0.06493506493506493,3.0,0.0,1.0,50.666666666666664,67.33333333333333,1.0,3.0,False,3-4,Q1 (lowest),Q1 (lowest),2024-12-31,Low-Engagement Accounts,False
A-f03140,Company_209,DevTools,IN,event,Pro,27,True,False,2023-11-22,2023-11-01,405,1,True,2024-10-03,2023Q4,12-18 months,2024-11-06,False,10,9,1,0,1,1,0.5,0.8,21075,True,True,True,Enterprise,10,21075,255,57,595,32,22,0.07017543859649122,54.7125,57.5921052631579,0.03697478991596639,7.0,0.0,3.0,36.0,113.14285714285714,3.0,3.6666666666666665,False,7+,Q4 (highest),Q3,2024-12-31,Engaged Accounts,False
A-410e86,Company_210,FinTech,US,organic,Basic,24,False,False,2024-11-10,2024-11-01,51,0,False,,2024Q4,0-6 months,2024-12-14,True,7,5,2,2,0,0,0.5714285714285714,0.42857142857142855,15960,True,False,False,Enterprise,5,11184,96,30,292,22,21,0.1,29.845277777777778,59.690555555555555,0.07191780821917808,5.0,0.0,1.0,42.6,110.0,2.0,3.5,False,5-6,Q1 (lowest),Q1 (lowest),2024-12-31,Low-Engagement Accounts,True
A-fa2041,Company_211,HealthTech,US,organic,Pro,15,True,False,2024-05-29,2024-05-01,216,1,True,2024-07-13,2024Q2,6-12 months,2024-06-11,True,12,9,3,0,0,0,0.4166666666666667,0.9166666666666666,20915,True,False,False,Enterprise,12,20915,185,61,552,34,34,0.09836065573770492,43.68416666666667,42.968032786885246,0.06159420289855073,1.0,0.0,0.0,16.0,99.0,1.0,3.0,False,1-2,Q4 (highest),Q3,2024-12-31,Engaged Accounts,False
A-de58ca,Company_212,HealthTech,DE,organic,Enterprise,15,False,False,2023-04-13,2023-04-01,628,0,False,,2023Q2,18-24 months,2023-05-07,True,11,9,2,2,0,0,0.7272727272727273,0.5454545454545454,23905,True,False,False,Enterprise,9,22277,173,49,505,28,33,0.14285714285714285,39.428333333333335,48.27959183673469,0.06534653465346535,5.0,0.0,1.0,30.6,115.0,3.0,3.3333333333333335,False,5-6,Q3,Q3,2024-12-31,Engaged Accounts,False
A-05d3b3,Company_213,DevTools,AU,ads,Basic,9,True,False,2023-05-28,2023-05-01,583,2,True,2024-03-12,2023Q2,18-24 months,2023-08-14,True,13,10,3,1,0,0,0.5384615384615384,0.7692307692307693,12610,True,False,False,Enterprise,12,12154,136,64,642,32,22,0.0625,53.71194444444444,50.35494791666667,0.03426791277258567,6.0,0.0,3.0,31.5,48.333333333333336,3.0,4.333333333333333,False,5-6,Q4 (highest),Q4 (highest),2024-12-31,Power Accounts,False
A-249769,Company_214,Cybersecurity,US,event,Enterprise,4,False,True,2024-04-25,2024-04-01,250,2,True,2024-06-12,2024Q2,6-12 months,2024-08-24,True,13,12,1,0,0,0,0.6153846153846154,1.0,15717,True,False,False,Enterprise,13,15717,153,68,678,31,30,0.04411764705882353,53.82694444444444,47.49436274509804,0.04424778761061947,2.0,0.0,1.0,39.5,96.5,2.0,4.0,False,1-2,Q3,Q4 (highest),2024-12-31,Engaged Accounts,False
A-e43bf7,Company_215,Cybersecurity,AU,other,Pro,44,False,False,2023-03-24,2023-03-01,648,1,True,2023-06-24,2023Q1,18-24 months,,,7,7,0,0,3,0,0.7142857142857143,0.8571428571428571,46666,False,True,False,Enterprise,7,46666,334,40,371,26,35,0.05,28.7375,43.10625,0.09433962264150944,5.0,1.0,2.0,27.4,80.0,3.0,4.0,True,5-6,Q2,Q1 (lowest),2024-12-31,Low-Engagement Accounts,True
A-eb2fdc,Company_216,DevTools,AU,organic,Enterprise,31,False,True,2023-11-21,2023-11-01,406,1,True,2024-05-26,2023Q4,12-18 months,,,12,12,0,1,0,0,0.5833333333333334,0.8333333333333334,31968,False,False,False,Enterprise,11,30351,369,54,547,29,17,0.05555555555555555,48.5175,53.90833333333333,0.031078610603290677,5.0,0.0,0.0,33.6,37.6,4.0,4.5,False,5-6,Q3,Q3,2024-12-31,Engaged Accounts,False
A-e1462e,Company_217,FinTech,UK,partner,Basic,15,False,False,2023-03-12,2023-03-01,660,2,True,2023-10-05,2023Q1,18-24 months,2023-07-23,True,7,5,2,0,1,1,0.5714285714285714,0.7142857142857143,12030,True,True,True,Enterprise,7,12030,120,35,347,26,22,0.11428571428571428,27.249166666666667,46.712857142857146,0.06340057636887608,2.0,0.0,2.0,39.5,118.5,2.0,3.5,False,1-2,Q2,Q1 (lowest),2024-12-31,Low-Engagement Accounts,False
A-cab532,Company_218,DevTools,FR,organic,Pro,11,True,False,2023-04-03,2023-04-01,638,1,True,2024-07-10,2023Q2,18-24 months,2024-02-16,True,15,13,2,1,2,1,0.6666666666666666,0.9333333333333333,20088,True,True,True,Enterprise,14,18569,251,101,1005,38,47,0.06930693069306931,76.01083333333334,45.154950495049505,0.046766169154228855,1.0,0.0,0.0,32.0,175.0,1.0,4.0,False,1-2,Q4 (highest),Q4 (highest),2024-12-31,Power Accounts,False
A-9123ac,Company_219,Cybersecurity,DE,organic,Pro,9,False,False,2023-06-20,2023-06-01,560,2,True,2024-04-05,2023Q2,18-24 months,2024-05-10,True,7,6,1,0,0,1,0.42857142857142855,1.0,14751,True,False,True,Enterprise,7,14751,99,37,386,28,24,0.10810810810810811,33.33722222222222,54.06036036036036,0.06217616580310881,6.0,0.0,3.0,38.833333333333336,91.66666666666667,5.0,4.2,False,5-6,Q3,Q2,2024-12-31,Casual Accounts,False
A-6e08f3,Company_220,Cybersecurity,US,event,Basic,8,False,False,2023-02-27,2023-02-01,673,1,True,2024-02-10,2023Q1,18-24 months,2023-07-25,True,10,8,2,0,1,1,0.3,0.7,18190,True,True,True,Enterprise,10,18190,130,50,492,28,21,0.14,41.410555555555554,49.69266666666667,0.042682926829268296,2.0,0.0,1.0,36.5,137.0,2.0,3.5,False,1-2,Q3,Q2,2024-12-31,Casual Accounts,False
A-d922bf,Company_221,HealthTech,US,ads,Basic,5,True,True,2023-09-08,2023-09-01,480,1,True,2024-12-06,2023Q3,12-18 months,2024-02-16,True,7,4,3,1,0,0,0.7142857142857143,1.0,17114,True,False,False,Enterprise,6,14129,71,41,419,24,19,0.07317073170731707,37.25527777777778,54.51991869918699,0.045346062052505964,7.0,1.0,2.0,39.142857142857146,96.33333333333333,3.0,3.3333333333333335,True,7+,Q2,Q2,2024-12-31,Casual Accounts,True
A-8ed5dd,Company_222,EdTech,UK,event,Enterprise,5,False,True,2023-06-29,2023-06-01,551,2,True,2024-10-30,2023Q2,18-24 months,,,12,12,0,1,3,1,0.5833333333333334,0.9166666666666666,11956,False,True,True,Enterprise,11,11861,149,55,545,29,45,0.03636363636363636,48.115833333333335,52.49,0.08256880733944955,6.0,0.0,4.0,29.0,96.83333333333333,4.0,3.75,False,5-6,Q3,Q3,2024-12-31,Engaged Accounts,True
A-7c6b6b,Company_223,FinTech,US,other,Basic,6,False,False,2024-11-30,2024-11-01,31,1,True,2024-12-09,2024Q4,0-6 months,,,7,7,0,2,0,0,0.42857142857142855,0.8571428571428571,4818,False,False,False,Pro,5,3250,70,35,311,22,24,0.14285714285714285,22.90861111111111,39.271904761904764,0.07717041800643087,5.0,0.0,2.0,52.2,82.4,3.0,4.333333333333333,False,5-6,Q1 (lowest),Q1 (lowest),2024-12-31,Low-Engagement Accounts,True
A-3c1a3f,Company_224,DevTools,UK,event,Pro,1,False,False,2023-08-26,2023-08-01,493,0,False,,2023Q3,12-18 months,2023-08-31,True,12,9,3,2,0,1,0.5833333333333334,0.8333333333333334,14909,True,False,True,Enterprise,10,11192,128,51,497,31,22,0.09803921568627451,47.8725,56.32058823529412,0.04426559356136821,4.0,0.0,1.0,33.25,56.5,2.0,3.5,False,3-4,Q3,Q2,2024-12-31,Casual Accounts,False
A-b48f73,Company_225,EdTech,AU,event,Pro,80,True,False,2024-11-13,2024-11-01,48,0,False,,2024Q4,0-6 months,2024-12-06,True,7,6,1,0,0,0,0.5714285714285714,0.5714285714285714,28320,True,False,False,Enterprise,7,28320,480,44,412,24,23,0.06818181818181818,32.89333333333333,44.85454545454546,0.055825242718446605,3.0,0.0,2.0,28.666666666666668,35.333333333333336,2.0,4.0,False,3-4,Q2,Q2,2024-12-31,Casual Accounts,False
A-76fa4d,Company_226,HealthTech,US,event,Pro,69,False,False,2024-11-24,2024-11-01,37,2,True,2024-11-26,2024Q4,0-6 months,2024-12-08,True,7,6,1,2,0,0,0.2857142857142857,0.8571428571428571,61686,True,False,False,Enterprise,5,47955,345,36,357,21,21,0.1111111111111111,35.069722222222225,58.44953703703704,0.058823529411764705,5.0,0.0,3.0,33.4,111.8,4.0,4.5,False,5-6,Q1 (lowest),Q1 (lowest),2024-12-31,Low-Engagement Accounts,False
A-b2af2e,Company_227,Cybersecurity,UK,event,Enterprise,5,False,False,2024-08-24,2024-08-01,129,1,True,2024-11-14,2024Q3,0-6 months,,,4,4,0,0,0,1,0.25,0.25,3112,False,False,True,Enterprise,4,3112,88,18,174,14,11,0.2222222222222222,16.726111111111113,55.7537037037037,0.06321839080459771,2.0,0.0,0.0,39.5,95.0,2.0,4.0,False,1-2,Q1 (lowest),Q1 (lowest),2024-12-31,Low-Engagement Accounts,False
A-9bfc9f,Company_228,DevTools,CA,ads,Pro,53,False,False,2023-09-14,2023-09-01,474,0,False,,2023Q3,12-18 months,2023-10-16,True,9,7,2,1,3,2,0.4444444444444444,0.8888888888888888,15342,True,True,True,Pro,8,12745,325,37,376,23,18,0.10810810810810811,30.517222222222223,49.487387387387386,0.047872340425531915,6.0,1.0,3.0,35.333333333333336,84.33333333333333,3.0,3.3333333333333335,True,5-6,Q1 (lowest),Q2,2024-12-31,Casual Accounts,True
A-4ae22a,Company_229,EdTech,US,other,Pro,6,False,True,2024-05-09,2024-05-01,236,1,True,2024-07-20,2024Q2,6-12 months,,,7,7,0,1,0,0,0.5714285714285714,0.8571428571428571,9432,False,False,False,Enterprise,6,3860,80,35,369,24,31,0.17142857142857143,39.551944444444445,67.80333333333333,0.08401084010840108,3.0,0.0,1.0,14.333333333333334,72.66666666666667,1.0,3.0,False,3-4,Q2,Q1 (lowest),2024-12-31,Low-Engagement Accounts,True
A-fda07f,Company_230,Cybersecurity,FR,partner,Basic,7,False,False,2024-08-11,2024-08-01,142,1,True,2024-09-13,2024Q3,0-6 months,2024-10-10,True,12,10,2,0,4,1,0.6666666666666666,0.8333333333333334,28418,True,True,True,Enterprise,12,28418,212,65,681,31,39,0.06153846153846154,64.27111111111111,59.327179487179485,0.05726872246696035,5.0,0.0,3.0,17.8,57.0,3.0,4.0,False,5-6,Q3,Q4 (highest),2024-12-31,Engaged Accounts,False
A-de24d5,Company_231,DevTools,US,other,Enterprise,5,True,False,2024-11-05,2024-11-01,56,0,False,,2024Q4,0-6 months,2024-12-14,True,13,11,2,1,0,0,0.5384615384615384,0.9230769230769231,21327,True,False,False,Enterprise,12,17554,136,53,537,29,28,0.11320754716981132,38.96277777777778,44.10880503144654,0.0521415270018622,7.0,0.0,3.0,43.142857142857146,91.16666666666667,2.0,3.0,False,7+,Q3,Q3,2024-12-31,Engaged Accounts,False
A-977ca0,Company_232,HealthTech,IN,partner,Basic,6,False,True,2023-02-20,2023-02-01,680,0,False,,2023Q1,18-24 months,2023-06-10,True,16,12,4,2,1,0,0.3125,0.8125,30055,True,True,False,Enterprise,14,29255,335,85,893,38,46,0.15294117647058825,67.46111111111111,47.61960784313725,0.051511758118701005,3.0,0.0,2.0,64.0,123.0,1.0,4.0,False,3-4,Q4 (highest),Q4 (highest),2024-12-31,Power Accounts,False
A-ab438f,Company_233,Cybersecurity,US,ads,Enterprise,13,False,True,2024-09-13,2024-09-01,109,1,True,2024-12-02,2024Q3,0-6 months,2024-10-18,True,8,5,3,3,1,0,0.5,0.75,16358,True,True,False,Enterprise,5,11144,56,36,369,25,12,0.08333333333333333,30.95888888888889,51.59814814814815,0.032520325203252036,2.0,0.0,2.0,33.5,112.5,2.0,3.5,False,1-2,Q2,Q1 (lowest),2024-12-31,Low-Engagement Accounts,False
A-e89151,Company_234,FinTech,UK,organic,Pro,8,True,True,2023-09-14,2023-09-01,474,0,False,,2023Q3,12-18 months,,,9,9,0,2,3,0,0.3333333333333333,0.7777777777777778,21734,False,True,False,Enterprise,7,19762,148,58,601,30,29,0.22413793103448276,52.440555555555555,54.24885057471264,0.048252911813643926,2.0,0.0,0.0,41.5,48.5,1.0,5.0,False,1-2,Q3,Q3,2024-12-31,Engaged Accounts,False
A-40906c,Company_235,EdTech,US,ads,Basic,92,False,False,2024-03-27,2024-03-01,279,0,False,,2024Q1,6-12 months,2024-05-28,True,12,10,2,0,0,0,0.5,0.8333333333333334,64400,True,False,False,Enterprise,12,64400,920,63,685,32,32,0.1111111111111111,58.40083333333333,55.61984126984127,0.04671532846715328,5.0,0.0,1.0,29.2,95.0,4.0,3.75,False,5-6,Q4 (highest),Q4 (highest),2024-12-31,Power Accounts,False
A-81edc3,Company_236,Cybersecurity,IN,ads,Basic,5,False,False,2023-10-30,2023-10-01,428,3,True,2024-03-03,2023Q4,12-18 months,2024-02-09,True,12,11,1,0,2,0,0.25,0.6666666666666666,17524,True,True,False,Enterprise,12,17524,196,74,765,33,41,0.14864864864864866,68.07777777777778,55.1981981981982,0.05359477124183006,3.0,0.0,3.0,52.666666666666664,70.0,2.0,4.0,False,3-4,Q4 (highest),Q4 (highest),2024-12-31,Power Accounts,False
A-328bd0,Company_237,HealthTech,AU,partner,Enterprise,18,False,False,2023-05-16,2023-05-01,595,0,False,,2023Q2,18-24 months,2023-08-10,True,13,12,1,2,1,1,0.46153846153846156,0.7692307692307693,15979,True,True,True,Enterprise,11,13726,214,61,568,30,49,0.08196721311475409,45.05833333333333,44.31967213114754,0.08626760563380281,5.0,0.0,2.0,46.0,68.2,3.0,3.6666666666666665,False,5-6,Q3,Q3,2024-12-31,Engaged Accounts,True
A-b3fe05,Company_238,Cybersecurity,CA,partner,Pro,8,False,False,2024-05-28,2024-05-01,217,0,False,,2024Q2,6-12 months,2024-06-06,True,9,7,2,1,0,0,0.3333333333333333,0.8888888888888888,24494,True,False,False,Enterprise,8,24102,198,43,438,29,18,0.18604651162790697,39.43388888888889,55.02403100775194,0.0410958904109589,4.0,0.0,4.0,48.25,94.25,2.0,3.0,False,3-4,Q3,Q2,2024-12-31,Casual Accounts,False
A-09540c,Company_239,Cybersecurity,CA,event,Basic,67,True,False,2023-10-30,2023-10-01,428,1,True,2024-03-05,2023Q4,12-18 months,,,6,6,0,1,1,1,0.3333333333333333,0.8333333333333334,23718,False,True,True,Enterprise,5,22445,335,28,297,20,16,0.10714285714285714,26.304444444444446,56.36666666666667,0.05387205387205387,2.0,0.0,1.0,28.0,89.0,2.0,4.5,False,1-2,Q1 (lowest),Q1 (lowest),2024-12-31,Low-Engagement Accounts,False
A-e693b6,Company_240,FinTech,AU,event,Enterprise,55,False,True,2023-05-25,2023-05-01,586,1,True,2024-10-10,2023Q2,18-24 months,2024-03-21,True,12,9,3,2,1,0,0.5833333333333334,0.9166666666666666,34155,True,True,False,Enterprise,10,30415,385,61,681,31,25,0.06557377049180328,57.26861111111111,56.32978142076502,0.03671071953010279,1.0,0.0,1.0,1.0,,1.0,3.0,False,1-2,Q3,Q4 (highest),2024-12-31,Engaged Accounts,False
A-2446e3,Company_241,EdTech,IN,organic,Pro,27,False,False,2024-01-10,2024-01-01,356,2,True,2024-07-20,2024Q1,6-12 months,2024-09-02,True,7,6,1,0,1,1,0.42857142857142855,0.5714285714285714,24138,True,True,True,Enterprise,7,24138,162,48,496,28,32,0.10416666666666667,41.95472222222222,52.44340277777778,0.06451612903225806,3.0,0.0,1.0,28.666666666666668,104.66666666666667,3.0,4.0,False,3-4,Q3,Q2,2024-12-31,Casual Accounts,False
A-241e75,Company_242,EdTech,US,partner,Enterprise,3,False,False,2024-07-03,2024-07-01,181,2,True,2024-10-11,2024Q3,6-12 months,,,5,5,0,0,0,1,0.6,0.8,3594,False,False,True,Pro,5,3594,96,28,266,17,20,0.07142857142857142,27.849166666666665,59.676785714285714,0.07518796992481203,4.0,0.0,1.0,31.5,101.0,2.0,4.5,False,3-4,Q1 (lowest),Q1 (lowest),2024-12-31,Low-Engagement Accounts,True
A-922109,Company_243,Cybersecurity,US,ads,Pro,3,False,False,2024-01-26,2024-01-01,340,2,True,2024-08-03,2024Q1,6-12 months,2024-08-18,True,13,10,3,1,0,0,0.3076923076923077,0.7692307692307693,14118,True,False,False,Enterprise,12,13677,183,79,819,35,34,0.05063291139240506,76.24,57.90379746835443,0.04151404151404151,3.0,0.0,1.0,25.333333333333332,115.0,1.0,3.0,False,3-4,Q4 (highest),Q4 (highest),2024-12-31,Power Accounts,False
A-ff3c73,Company_244,HealthTech,AU,other,Pro,21,False,False,2023-01-26,2023-01-01,705,2,True,2023-12-09,2023Q1,18-24 months,2023-07-19,True,9,6,3,1,1,0,0.7777777777777778,0.7777777777777778,4335,True,True,False,Enterprise,8,4335,195,40,408,29,23,0.125,39.996944444444445,59.995416666666664,0.056372549019607844,2.0,0.0,1.0,35.5,97.5,2.0,3.5,False,1-2,Q3,Q2,2024-12-31,Casual Accounts,False
A-8b0451,Company_245,FinTech,UK,event,Enterprise,41,False,False,2024-09-16,2024-09-01,106,1,True,2024-12-29,2024Q3,0-6 months,2024-10-05,True,10,9,1,1,0,0,0.5,0.8,31709,True,False,False,Enterprise,9,23550,330,60,606,32,45,0.1,49.425,49.425,0.07425742574257425,7.0,0.0,5.0,26.571428571428573,83.71428571428571,4.0,3.5,False,7+,Q4 (highest),Q3,2024-12-31,Engaged Accounts,True
A-331424,Company_246,DevTools,US,organic,Basic,11,False,False,2023-11-06,2023-11-01,421,1,True,2024-02-21,2023Q4,12-18 months,2024-01-04,True,6,4,2,1,0,0,0.5,0.5,6776,True,False,False,Enterprise,5,6567,33,20,214,17,9,0.15,21.158333333333335,63.475,0.04205607476635514,2.0,0.0,0.0,24.5,98.5,0.0,,False,1-2,Q1 (lowest),Q1 (lowest),2024-12-31,Low-Engagement Accounts,False
A-51ec1b,Company_247,DevTools,US,ads,Enterprise,7,False,False,2023-11-08,2023-11-01,419,1,True,2023-12-09,2023Q4,12-18 months,,,6,6,0,2,3,2,0.5,0.8333333333333334,11087,False,True,True,Enterprise,4,8567,53,28,283,19,12,0.10714285714285714,30.878333333333334,66.16785714285714,0.04240282685512368,3.0,1.0,1.0,52.333333333333336,150.0,2.0,5.0,True,3-4,Q1 (lowest),Q1 (lowest),2024-12-31,Low-Engagement Accounts,True
A-bcf664,Company_248,DevTools,US,other,Pro,5,False,False,2023-05-19,2023-05-01,592,3,True,2024-08-08,2023Q2,18-24 months,2023-08-30,True,13,11,2,1,0,0,0.46153846153846156,1.0,13728,True,False,False,Enterprise,12,11340,270,56,575,31,28,0.08928571428571429,50.53333333333333,54.14285714285714,0.04869565217391304,5.0,1.0,4.0,36.0,110.6,3.0,4.0,True,5-6,Q3,Q3,2024-12-31,Engaged Accounts,True
A-90a8c8,Company_249,FinTech,AU,organic,Pro,15,False,False,2024-08-24,2024-08-01,129,1,True,2024-08-29,2024Q3,0-6 months,2024-09-19,True,7,6,1,0,2,0,0.5714285714285714,0.7142857142857143,26514,True,True,False,Enterprise,7,26514,186,41,404,23,20,0.0975609756097561,35.41277777777778,51.82357723577236,0.04950495049504951,4.0,0.0,2.0,45.0,29.5,4.0,3.25,False,3-4,Q1 (lowest),Q2,2024-12-31,Casual Accounts,False
A-86cdb4,Company_250,DevTools,DE,partner,Basic,2,False,False,2024-09-22,2024-09-01,100,0,False,,2024Q3,0-6 months,2024-11-01,True,9,8,1,2,0,0,0.4444444444444444,1.0,3551,True,False,False,Enterprise,7,3006,114,49,492,27,24,0.12244897959183673,46.45166666666667,56.87959183673469,0.04878048780487805,5.0,0.0,4.0,26.4,90.5,3.0,4.333333333333333,False,5-6,Q2,Q2,2024-12-31,Casual Accounts,False
A-4bfa33,Company_251,Cybersecurity,US,event,Basic,8,True,False,2024-12-07,2024-12-01,24,3,True,2024-12-08,2024Q4,0-6 months,2024-12-25,False,7,6,1,1,0,0,0.42857142857142855,0.8571428571428571,5606,True,False,False,Enterprise,6,5165,125,36,329,23,17,0.16666666666666666,21.734444444444446,36.224074074074075,0.05167173252279635,4.0,0.0,3.0,16.5,84.75,3.0,3.6666666666666665,False,3-4,Q1 (lowest),Q1 (lowest),2024-12-31,Low-Engagement Accounts,False
A-dbc825,Company_252,EdTech,FR,partner,Enterprise,19,False,False,2024-01-07,2024-01-01,359,2,True,2024-01-14,2024Q1,6-12 months,2024-07-10,True,16,15,1,4,2,0,0.625,0.875,42404,True,True,False,Enterprise,12,25702,238,72,730,34,58,0.1111111111111111,59.11138888888889,49.25949074074074,0.07945205479452055,6.0,1.0,3.0,49.5,108.16666666666667,2.0,4.0,True,5-6,Q4 (highest),Q4 (highest),2024-12-31,Power Accounts,True
A-c70870,Company_253,Cybersecurity,US,partner,Basic,31,False,False,2024-10-22,2024-10-01,70,1,True,2024-12-13,2024Q4,0-6 months,2024-11-14,True,7,4,3,0,2,1,0.5714285714285714,1.0,39614,True,True,True,Enterprise,7,39614,326,34,334,23,18,0.11764705882352941,29.538333333333334,52.12647058823529,0.05389221556886228,5.0,0.0,1.0,35.6,105.8,3.0,4.0,False,5-6,Q1 (lowest),Q1 (lowest),2024-12-31,Low-Engagement Accounts,False
A-7c4956,Company_254,DevTools,US,ads,Enterprise,5,False,True,2023-05-06,2023-05-01,605,0,False,,2023Q2,18-24 months,2023-11-02,True,8,6,2,3,0,0,0.5,0.75,3409,True,False,False,Enterprise,5,3314,56,45,475,27,40,0.13333333333333333,36.02972222222222,48.03962962962963,0.08421052631578947,3.0,0.0,2.0,13.666666666666666,66.66666666666667,1.0,4.0,False,3-4,Q2,Q2,2024-12-31,Casual Accounts,True
A-0651a4,Company_255,HealthTech,FR,organic,Pro,16,False,False,2024-10-16,2024-10-01,76,2,True,2024-11-22,2024Q4,0-6 months,2024-12-13,True,15,12,3,1,0,0,0.6666666666666666,0.8666666666666667,44564,True,False,False,Enterprise,14,44564,296,69,705,34,37,0.11594202898550725,55.95166666666667,48.6536231884058,0.0524822695035461,4.0,0.0,4.0,29.25,19.666666666666668,2.0,4.0,False,3-4,Q4 (highest),Q4 (highest),2024-12-31,Power Accounts,False
A-3ce5b8,Company_256,FinTech,IN,ads,Basic,8,False,True,2023-09-07,2023-09-01,481,1,True,2024-09-18,2023Q3,12-18 months,2024-09-22,True,9,7,2,0,0,0,0.5555555555555556,1.0,16650,True,False,False,Enterprise,9,16650,300,50,509,29,29,0.1,41.056111111111115,49.26733333333333,0.05697445972495088,10.0,0.0,6.0,42.5,101.8,7.0,3.7142857142857144,False,7+,Q3,Q3,2024-12-31,Engaged Accounts,False
A-bd4708,Company_257,FinTech,US,ads,Pro,37,True,False,2024-07-21,2024-07-01,163,0,False,,2024Q3,0-6 months,2024-08-28,True,13,9,4,0,1,0,0.7692307692307693,0.6923076923076923,38975,True,True,False,Enterprise,13,38975,365,64,653,33,30,0.109375,56.0825,52.57734375,0.045941807044410414,4.0,0.0,2.0,24.0,90.75,2.0,3.5,False,3-4,Q4 (highest),Q4 (highest),2024-12-31,Power Accounts,False
A-993085,Company_258,HealthTech,US,ads,Basic,31,True,False,2023-06-01,2023-06-01,579,2,True,2023-09-20,2023Q2,18-24 months,2024-05-11,True,15,14,1,1,2,2,0.4666666666666667,0.8,48456,True,True,True,Enterprise,14,40098,432,70,665,33,50,0.1,60.00416666666667,51.43214285714286,0.07518796992481203,4.0,0.0,1.0,46.5,82.0,2.0,3.5,False,3-4,Q4 (highest),Q4 (highest),2024-12-31,Power Accounts,True
A-92a3af,Company_259,Cybersecurity,IN,organic,Enterprise,25,False,False,2024-07-07,2024-07-01,177,0,False,,2024Q3,0-6 months,,,11,11,0,0,0,2,0.45454545454545453,0.6363636363636364,34538,False,False,True,Enterprise,11,34538,362,67,714,35,55,0.11940298507462686,60.60805555555555,54.27587064676617,0.07703081232492998,4.0,1.0,1.0,57.5,39.0,2.0,4.0,True,3-4,Q4 (highest),Q4 (highest),2024-12-31,Power Accounts,True
A-151c9a,Company_260,FinTech,US,ads,Enterprise,23,False,False,2023-01-27,2023-01-01,704,1,True,2023-11-04,2023Q1,18-24 months,,,5,5,0,0,0,1,0.4,0.8,14250,False,False,True,Enterprise,5,14250,150,34,366,28,14,0.029411764705882353,33.585277777777776,59.26813725490196,0.03825136612021858,2.0,0.0,1.0,31.0,156.5,2.0,3.5,False,1-2,Q3,Q1 (lowest),2024-12-31,Low-Engagement Accounts,False
A-474ad4,Company_261,EdTech,US,organic,Basic,8,False,False,2023-11-28,2023-11-01,399,0,False,,2023Q4,12-18 months,2023-12-10,True,15,11,4,2,1,1,0.5333333333333333,0.6666666666666666,12125,True,True,True,Enterprise,13,10533,177,64,605,34,45,0.09375,50.93194444444445,47.748697916666664,0.0743801652892562,3.0,1.0,1.0,33.0,50.666666666666664,1.0,5.0,True,3-4,Q4 (highest),Q3,2024-12-31,Engaged Accounts,True
A-4ef964,Company_262,HealthTech,US,organic,Pro,17,False,False,2024-03-07,2024-03-01,299,1,True,2024-06-19,2024Q1,6-12 months,2024-08-28,True,9,8,1,1,0,0,0.3333333333333333,0.6666666666666666,14279,True,False,False,Enterprise,8,13557,183,49,487,31,33,0.12244897959183673,41.850833333333334,51.24591836734694,0.06776180698151951,3.0,0.0,1.0,42.666666666666664,86.33333333333333,2.0,4.0,False,3-4,Q3,Q2,2024-12-31,Casual Accounts,True
A-fd9422,Company_263,Cybersecurity,US,organic,Pro,58,False,False,2024-04-04,2024-04-01,271,0,False,,2024Q2,6-12 months,2024-05-08,True,9,5,4,1,1,1,0.5555555555555556,0.7777777777777778,28130,True,True,True,Enterprise,8,27028,232,44,456,27,21,0.11363636363636363,39.80916666666667,54.285227272727276,0.046052631578947366,6.0,1.0,3.0,44.333333333333336,116.83333333333333,6.0,3.5,True,5-6,Q2,Q2,2024-12-31,Casual Accounts,True
A-0baac2,Company_264,FinTech,DE,organic,Enterprise,14,False,True,2024-05-30,2024-05-01,215,4,True,2024-07-15,2024Q2,6-12 months,,,6,6,0,2,0,0,0.6666666666666666,1.0,18500,False,False,False,Enterprise,4,9943,97,21,202,19,9,0.0,20.3225,58.06428571428571,0.04455445544554455,6.0,0.0,4.0,43.5,89.0,3.0,4.333333333333333,False,5-6,Q1 (lowest),Q1 (lowest),2024-12-31,Low-Engagement Accounts,False
A-bb1486,Company_265,HealthTech,US,organic,Basic,41,False,False,2024-11-05,2024-11-01,56,2,True,2024-11-21,2024Q4,0-6 months,,,8,8,0,1,0,2,0.5,0.75,16307,False,False,True,Pro,7,15528,342,42,405,24,36,0.11904761904761904,33.040277777777774,47.20039682539683,0.08888888888888889,3.0,0.0,2.0,11.0,78.0,1.0,3.0,False,3-4,Q2,Q2,2024-12-31,Casual Accounts,True
A-560d27,Company_266,DevTools,US,organic,Pro,23,False,False,2024-05-05,2024-05-01,240,0,False,,2024Q2,6-12 months,2024-11-07,True,12,9,3,1,1,0,0.5,0.5833333333333334,41641,True,True,False,Enterprise,11,37064,266,59,587,27,38,0.1016949152542373,51.56,52.433898305084746,0.06473594548551959,4.0,0.0,0.0,30.75,59.75,3.0,3.6666666666666665,False,3-4,Q2,Q3,2024-12-31,Engaged Accounts,False
A-0b0d6d,Company_267,DevTools,US,organic,Pro,3,False,False,2024-12-30,2024-12-01,1,1,True,2024-12-31,2024Q4,0-6 months,,,13,13,0,2,1,0,0.5384615384615384,1.0,33491,False,True,False,Enterprise,11,30429,231,62,582,32,48,0.14516129032258066,45.11416666666667,43.65887096774193,0.08247422680412371,5.0,1.0,3.0,31.4,90.4,2.0,4.0,True,5-6,Q4 (highest),Q3,2024-12-31,Engaged Accounts,True
A-2789e3,Company_268,FinTech,US,partner,Enterprise,11,False,False,2024-09-14,2024-09-01,108,0,False,,2024Q3,0-6 months,2024-10-10,True,12,10,2,0,1,1,0.5,0.8333333333333334,24489,True,True,True,Enterprise,12,24489,201,65,680,33,45,0.09230769230769231,57.18805555555556,52.78897435897436,0.0661764705882353,4.0,0.0,0.0,47.25,83.25,3.0,4.0,False,3-4,Q4 (highest),Q4 (highest),2024-12-31,Power Accounts,True
A-b07346,Company_269,HealthTech,US,partner,Pro,51,False,True,2024-10-10,2024-10-01,82,1,True,2024-11-12,2024Q4,0-6 months,2024-12-28,False,5,4,1,0,1,0,0.8,0.6,31416,True,True,False,Enterprise,5,31416,204,33,326,23,22,0.12121212121212122,29.70638888888889,54.01161616161616,0.06748466257668712,3.0,0.0,2.0,42.333333333333336,76.66666666666667,2.0,3.5,False,3-4,Q1 (lowest),Q1 (lowest),2024-12-31,Low-Engagement Accounts,True
A-902ef7,Company_270,HealthTech,US,other,Enterprise,83,False,True,2024-09-03,2024-09-01,119,1,True,2024-09-26,2024Q3,0-6 months,2024-11-23,True,8,6,2,0,2,0,0.75,1.0,44322,True,True,False,Enterprise,8,44322,498,40,414,31,24,0.125,40.52166666666667,60.7825,0.057971014492753624,2.0,0.0,2.0,48.5,85.0,1.0,4.0,False,1-2,Q3,Q2,2024-12-31,Casual Accounts,False
A-20736a,Company_271,EdTech,IN,organic,Enterprise,50,False,False,2024-03-16,2024-03-01,290,1,True,2024-03-19,2024Q1,6-12 months,2024-10-02,True,7,6,1,0,1,1,0.42857142857142855,1.0,40525,True,True,True,Enterprise,7,40525,325,42,430,22,22,0.11904761904761904,30.113333333333333,43.01904761904762,0.05116279069767442,4.0,0.0,3.0,42.25,78.25,4.0,3.75,False,3-4,Q1 (lowest),Q2,2024-12-31,Casual Accounts,False
A-e4bf56,Company_272,HealthTech,IN,ads,Pro,17,False,True,2024-10-28,2024-10-01,64,0,False,,2024Q4,0-6 months,,,7,7,0,1,0,1,0.14285714285714285,0.5714285714285714,18926,False,False,True,Enterprise,6,11563,127,33,339,25,10,0.030303030303030304,32.08,58.32727272727273,0.029498525073746312,8.0,0.0,6.0,29.125,111.5,6.0,3.6666666666666665,False,7+,Q2,Q1 (lowest),2024-12-31,Low-Engagement Accounts,False
A-cea1f0,Company_273,FinTech,US,event,Pro,8,False,True,2024-04-07,2024-04-01,268,0,False,,2024Q2,6-12 months,2024-06-09,True,10,8,2,0,1,1,0.8,0.4,12244,True,True,True,Enterprise,10,12244,136,56,586,28,28,0.16071428571428573,44.77444444444444,47.97261904761904,0.04778156996587031,5.0,0.0,3.0,42.2,107.4,3.0,4.333333333333333,False,5-6,Q3,Q3,2024-12-31,Engaged Accounts,False
A-ef84cf,Company_274,EdTech,US,partner,Enterprise,8,False,False,2024-03-01,2024-03-01,305,3,True,2024-08-14,2024Q1,6-12 months,2024-03-12,True,5,4,1,1,0,1,0.6,0.6,7507,True,False,True,Enterprise,4,7355,65,28,309,21,11,0.10714285714285714,27.894444444444446,59.773809523809526,0.03559870550161812,5.0,1.0,2.0,34.8,79.4,3.0,4.333333333333333,True,5-6,Q1 (lowest),Q1 (lowest),2024-12-31,Low-Engagement Accounts,True
A-d49cc5,Company_275,Cybersecurity,FR,event,Basic,50,False,False,2023-09-19,2023-09-01,469,1,True,2024-04-12,2023Q3,12-18 months,,,8,8,0,0,0,0,0.5,0.875,13325,False,False,False,Pro,8,13325,425,41,436,27,34,0.12195121951219512,39.70361111111111,58.10284552845528,0.0779816513761468,4.0,0.0,2.0,32.0,55.25,2.0,4.5,False,3-4,Q2,Q2,2024-12-31,Casual Accounts,True
A-67be94,Company_276,EdTech,US,organic,Enterprise,26,False,False,2023-04-04,2023-04-01,637,2,True,2024-05-28,2023Q2,18-24 months,,,7,7,0,1,1,0,0.2857142857142857,0.8571428571428571,21930,False,True,False,Enterprise,6,14567,233,42,416,26,17,0.07142857142857142,35.3325,50.475,0.040865384615384616,5.0,0.0,5.0,38.6,51.0,2.0,4.0,False,5-6,Q2,Q2,2024-12-31,Casual Accounts,False
A-4e960a,Company_277,FinTech,US,other,Enterprise,12,True,True,2024-01-17,2024-01-01,349,0,False,,2024Q1,6-12 months,2024-02-07,True,12,10,2,0,0,1,0.4166666666666667,0.9166666666666666,23942,True,False,True,Enterprise,12,23942,218,49,512,29,21,0.10204081632653061,42.761944444444445,52.361564625850335,0.041015625,6.0,0.0,3.0,29.166666666666668,83.16666666666667,3.0,4.0,False,5-6,Q3,Q3,2024-12-31,Engaged Accounts,False
A-c37cab,Company_278,Cybersecurity,UK,event,Pro,13,False,False,2024-07-29,2024-07-01,155,2,True,2024-10-27,2024Q3,0-6 months,2024-08-07,True,12,9,3,2,1,1,0.3333333333333333,0.9166666666666666,29433,True,True,True,Enterprise,10,9931,139,70,708,32,40,0.2,56.47472222222222,48.40690476190476,0.05649717514124294,4.0,1.0,2.0,33.0,101.25,4.0,3.75,True,3-4,Q4 (highest),Q4 (highest),2024-12-31,Power Accounts,True
A-533452,Company_279,DevTools,AU,organic,Pro,9,False,False,2024-11-12,2024-11-01,49,4,True,2024-11-17,2024Q4,0-6 months,2024-11-27,True,11,10,1,1,1,2,0.45454545454545453,0.9090909090909091,20664,True,True,True,Enterprise,10,20223,297,63,595,32,44,0.15873015873015872,47.97944444444445,45.694708994708996,0.07394957983193277,4.0,0.0,2.0,32.75,35.5,2.0,4.0,False,3-4,Q4 (highest),Q3,2024-12-31,Engaged Accounts,True
A-443b7c,Company_280,Cybersecurity,US,other,Enterprise,1,False,True,2024-09-06,2024-09-01,116,0,False,,2024Q3,0-6 months,2024-10-26,True,16,13,3,2,4,0,0.375,0.8125,24062,True,True,False,Enterprise,14,23739,321,63,618,28,29,0.12698412698412698,54.1775,51.59761904761904,0.04692556634304207,8.0,0.0,6.0,29.25,49.0,5.0,4.4,False,7+,Q3,Q3,2024-12-31,Engaged Accounts,False
A-1f7acb,Company_281,FinTech,UK,ads,Basic,64,True,False,2023-08-06,2023-08-01,513,0,False,,2023Q3,12-18 months,2024-06-03,True,8,7,1,0,1,3,0.625,0.75,46912,True,True,True,Enterprise,8,46912,448,53,510,26,47,0.1320754716981132,45.574444444444445,51.593710691823894,0.09215686274509804,7.0,0.0,4.0,41.714285714285715,129.57142857142858,5.0,4.4,False,7+,Q2,Q3,2024-12-31,Engaged Accounts,True
A-f51f16,Company_282,HealthTech,US,partner,Enterprise,1,False,False,2023-12-25,2023-12-01,372,2,True,2024-07-07,2023Q4,12-18 months,2024-04-06,True,8,7,1,1,2,0,0.625,0.875,13310,True,True,False,Enterprise,7,13261,139,37,384,25,28,0.08108108108108109,40.58138888888889,65.80765765765766,0.07291666666666667,4.0,0.0,3.0,29.25,91.0,2.0,3.0,False,3-4,Q2,Q2,2024-12-31,Casual Accounts,True
A-5a3eb9,Company_283,DevTools,CA,other,Enterprise,18,True,False,2023-08-20,2023-08-01,499,3,True,2024-04-14,2023Q3,12-18 months,,,13,13,0,1,0,2,0.8461538461538461,0.8461538461538461,20293,False,False,True,Enterprise,12,19411,379,69,722,34,34,0.10144927536231885,60.24444444444445,52.38647342995169,0.04709141274238227,3.0,0.0,2.0,24.0,83.0,0.0,,False,3-4,Q4 (highest),Q4 (highest),2024-12-31,Power Accounts,False
A-5f2961,Company_284,HealthTech,US,partner,Basic,4,False,False,2024-11-22,2024-11-01,39,1,True,2024-11-28,2024Q4,0-6 months,,,7,7,0,0,0,0,0.5714285714285714,0.8571428571428571,10299,False,False,False,Enterprise,7,10299,171,36,348,22,19,0.05555555555555555,28.6175,47.69583333333333,0.05459770114942529,1.0,0.0,1.0,53.0,19.0,0.0,,False,1-2,Q1 (lowest),Q1 (lowest),2024-12-31,Low-Engagement Accounts,False
A-417d2f,Company_285,Cybersecurity,IN,partner,Pro,4,True,False,2023-07-04,2023-07-01,546,1,True,2024-12-30,2023Q3,18-24 months,2024-09-21,True,16,14,2,1,1,0,0.5,0.8125,22933,True,True,False,Enterprise,15,17759,281,71,722,37,31,0.11267605633802817,57.33361111111111,48.45093896713615,0.04293628808864266,6.0,0.0,4.0,43.5,80.5,3.0,4.333333333333333,False,5-6,Q4 (highest),Q4 (highest),2024-12-31,Power Accounts,False
A-e98302,Company_286,EdTech,US,ads,Enterprise,16,True,False,2023-12-26,2023-12-01,371,0,False,,2023Q4,12-18 months,,,6,6,0,1,0,0,1.0,0.8333333333333334,12567,False,False,False,Enterprise,5,9725,125,30,273,21,18,0.1,24.653055555555557,49.306111111111115,0.06593406593406594,9.0,0.0,5.0,44.44444444444444,99.44444444444444,7.0,4.142857142857143,False,7+,Q1 (lowest),Q1 (lowest),2024-12-31,Low-Engagement Accounts,True
A-8bde0c,Company_287,DevTools,US,organic,Basic,12,False,False,2024-11-04,2024-11-01,57,2,True,2024-11-28,2024Q4,0-6 months,2024-12-15,True,18,17,1,2,2,0,0.4444444444444444,0.8333333333333334,34198,True,True,False,Enterprise,16,32385,405,80,773,34,43,0.075,66.91888888888889,50.189166666666665,0.055627425614489,3.0,0.0,1.0,25.666666666666668,86.33333333333333,2.0,4.0,False,3-4,Q4 (highest),Q4 (highest),2024-12-31,Power Accounts,False
A-bcf87c,Company_288,FinTech,US,event,Pro,10,False,True,2024-06-27,2024-06-01,187,0,False,,2024Q2,6-12 months,2024-12-10,True,11,10,1,2,0,1,0.45454545454545453,0.7272727272727273,21770,True,False,True,Enterprise,9,13611,129,54,503,26,19,0.12962962962962962,40.99722222222222,45.55246913580247,0.03777335984095427,2.0,0.0,0.0,63.0,49.5,2.0,4.0,False,1-2,Q2,Q3,2024-12-31,Engaged Accounts,False
A-54ecc2,Company_289,Cybersecurity,US,partner,Enterprise,4,False,False,2023-06-11,2023-06-01,569,3,True,2024-09-12,2023Q2,18-24 months,2023-09-13,True,11,10,1,0,0,1,0.45454545454545453,0.9090909090909091,16168,True,False,True,Enterprise,11,16168,112,56,607,28,39,0.10714285714285714,50.971666666666664,54.6125,0.0642504118616145,5.0,0.0,2.0,37.4,72.0,2.0,5.0,False,5-6,Q3,Q3,2024-12-31,Engaged Accounts,False
A-625d0b,Company_290,EdTech,AU,ads,Basic,9,False,False,2024-09-02,2024-09-01,120,0,False,,2024Q3,0-6 months,2024-09-25,True,11,9,2,1,0,0,0.45454545454545453,0.9090909090909091,11893,True,False,False,Enterprise,10,9903,147,54,529,32,38,0.1111111111111111,39.3025,43.669444444444444,0.07183364839319471,5.0,0.0,3.0,48.4,72.4,1.0,3.0,False,5-6,Q4 (highest),Q3,2024-12-31,Engaged Accounts,True
A-fce879,Company_291,EdTech,UK,partner,Pro,10,True,True,2024-09-24,2024-09-01,98,2,True,2024-10-07,2024Q3,0-6 months,2024-10-18,True,5,4,1,0,0,1,0.6,1.0,6797,True,False,True,Enterprise,5,6797,83,27,299,25,14,0.037037037037037035,27.427777777777777,60.95061728395061,0.046822742474916385,2.0,0.0,1.0,28.0,61.5,2.0,4.0,False,1-2,Q2,Q1 (lowest),2024-12-31,Low-Engagement Accounts,False
A-b07b56,Company_292,DevTools,US,event,Pro,25,False,True,2024-11-08,2024-11-01,53,1,True,2024-12-24,2024Q4,0-6 months,2024-11-26,True,15,12,3,1,0,0,0.4666666666666667,0.8,16984,True,False,False,Enterprise,14,16984,316,64,633,32,39,0.140625,51.51722222222222,48.29739583333333,0.061611374407582936,4.0,0.0,4.0,31.25,93.75,1.0,3.0,False,3-4,Q4 (highest),Q4 (highest),2024-12-31,Power Accounts,False
A-6da850,Company_293,FinTech,IN,organic,Pro,5,False,False,2023-10-07,2023-10-01,451,3,True,2024-01-15,2023Q4,12-18 months,2024-02-20,True,16,12,4,3,3,1,0.4375,0.75,18559,True,True,True,Enterprise,13,16534,166,70,714,30,54,0.11428571428571428,51.769444444444446,44.37380952380953,0.07563025210084033,5.0,0.0,2.0,49.0,76.4,1.0,4.0,False,5-6,Q3,Q4 (highest),2024-12-31,Engaged Accounts,True
A-342303,Company_294,EdTech,US,other,Pro,1,True,False,2024-03-16,2024-03-01,290,1,True,2024-03-20,2024Q1,6-12 months,2024-11-30,False,3,2,1,0,0,0,0.6666666666666666,1.0,1695,True,False,False,Enterprise,3,1695,45,15,141,12,5,0.06666666666666667,6.4302777777777775,25.72111111111111,0.03546099290780142,3.0,0.0,2.0,29.333333333333332,71.33333333333333,2.0,4.5,False,3-4,Q1 (lowest),Q1 (lowest),2024-12-31,Low-Engagement Accounts,False
A-e7a1e2,Company_295,Cybersecurity,US,event,Enterprise,3,False,False,2024-06-23,2024-06-01,191,3,True,2024-09-08,2024Q2,6-12 months,2024-10-10,True,12,10,2,1,0,0,0.5833333333333334,0.8333333333333334,20042,True,False,False,Enterprise,11,19047,153,68,703,36,36,0.04411764705882353,61.36888888888889,54.14901960784314,0.051209103840682786,1.0,0.0,0.0,45.0,37.0,1.0,4.0,False,1-2,Q4 (highest),Q4 (highest),2024-12-31,Power Accounts,False
A-f1f639,Company_296,EdTech,US,ads,Basic,2,False,False,2023-02-26,2023-02-01,674,2,True,2023-10-18,2023Q1,18-24 months,,,4,4,0,0,1,0,0.0,1.0,2919,False,True,False,Enterprise,4,2919,21,14,139,12,10,0.2857142857142857,11.971388888888889,51.30595238095238,0.07194244604316546,7.0,0.0,4.0,20.0,67.57142857142857,5.0,4.8,False,7+,Q1 (lowest),Q1 (lowest),2024-12-31,Low-Engagement Accounts,True
A-a865bd,Company_297,Cybersecurity,US,organic,Pro,38,False,False,2023-09-19,2023-09-01,469,2,True,2023-11-26,2023Q3,12-18 months,,,5,5,0,0,0,0,0.4,0.6,21022,False,False,False,Enterprise,5,21022,238,24,230,19,13,0.125,16.7,41.75,0.05652173913043478,2.0,0.0,1.0,31.5,21.5,1.0,3.0,False,1-2,Q1 (lowest),Q1 (lowest),2024-12-31,Low-Engagement Accounts,False
A-4e631b,Company_298,FinTech,US,other,Enterprise,22,False,False,2024-03-16,2024-03-01,290,0,False,,2024Q1,6-12 months,2024-11-12,True,11,10,1,0,1,1,0.45454545454545453,0.7272727272727273,24398,True,True,True,Enterprise,11,24398,242,49,502,32,29,0.08163265306122448,42.96333333333333,52.60816326530612,0.05776892430278884,2.0,0.0,1.0,24.5,52.0,1.0,4.0,False,1-2,Q4 (highest),Q3,2024-12-31,Engaged Accounts,False
A-7f6b86,Company_299,HealthTech,US,partner,Basic,45,True,True,2023-08-24,2023-08-01,495,1,True,2024-07-10,2023Q3,12-18 months,2023-08-30,True,9,6,3,1,3,0,0.7777777777777778,0.7777777777777778,19402,True,True,False,Enterprise,8,17197,253,41,420,27,14,0.07317073170731707,40.06916666666667,58.63780487804878,0.03333333333333333,7.0,0.0,6.0,40.42857142857143,96.57142857142857,3.0,3.6666666666666665,False,7+,Q2,Q2,2024-12-31,Casual Accounts,False
A-8adedc,Company_300,EdTech,US,event,Basic,4,True,True,2024-02-11,2024-02-01,324,0,False,,2024Q1,6-12 months,2024-05-23,True,14,11,3,2,0,0,0.6428571428571429,0.9285714285714286,28328,True,False,False,Enterprise,12,13801,229,61,583,32,33,0.08196721311475409,46.110277777777775,45.35437158469946,0.05660377358490566,4.0,0.0,1.0,49.25,56.75,1.0,4.0,False,3-4,Q4 (highest),Q3,2024-12-31,Engaged Accounts,False
A-2edab2,Company_301,HealthTech,US,event,Enterprise,17,False,False,2023-11-17,2023-11-01,410,2,True,2023-12-21,2023Q4,12-18 months,,,10,10,0,1,1,0,0.5,0.9,11390,False,True,False,Enterprise,9,10557,153,47,487,28,26,0.10638297872340426,44.66777777777778,57.02269503546099,0.053388090349075976,4.0,0.0,1.0,30.0,91.33333333333333,1.0,3.0,False,3-4,Q3,Q2,2024-12-31,Casual Accounts,False
A-149a69,Company_302,DevTools,US,event,Basic,34,False,False,2024-10-17,2024-10-01,75,1,True,2024-12-04,2024Q4,0-6 months,,,3,3,0,0,0,0,0.3333333333333333,0.3333333333333333,8058,False,False,False,Enterprise,3,8058,102,18,208,18,9,0.05555555555555555,16.63722222222222,55.45740740740741,0.04326923076923077,8.0,0.0,5.0,33.875,120.875,5.0,4.2,False,7+,Q1 (lowest),Q1 (lowest),2024-12-31,Low-Engagement Accounts,False
A-a6d261,Company_303,FinTech,CA,other,Pro,9,False,False,2023-11-29,2023-11-01,398,1,True,2024-03-10,2023Q4,12-18 months,2024-01-11,True,14,13,1,1,3,0,0.42857142857142855,0.9285714285714286,38191,True,True,False,Enterprise,13,17694,216,63,627,36,29,0.09523809523809523,52.56527777777778,50.06216931216931,0.046251993620414676,4.0,1.0,1.0,40.0,63.25,3.0,4.666666666666667,True,3-4,Q4 (highest),Q4 (highest),2024-12-31,Power Accounts,True
A-443f6f,Company_304,Cybersecurity,US,organic,Basic,19,False,False,2024-12-07,2024-12-01,24,0,False,,2024Q4,0-6 months,,,9,9,0,1,1,0,0.5555555555555556,0.7777777777777778,13594,False,True,False,Enterprise,8,12663,177,56,527,31,28,0.07142857142857142,43.930277777777775,47.068154761904765,0.05313092979127135,4.0,0.0,2.0,28.0,122.25,3.0,4.666666666666667,False,3-4,Q3,Q3,2024-12-31,Engaged Accounts,False
A-202b67,Company_305,HealthTech,US,organic,Pro,11,False,False,2024-03-22,2024-03-01,284,2,True,2024-03-30,2024Q1,6-12 months,,,9,9,0,1,1,0,0.3333333333333333,0.8888888888888888,18168,False,True,False,Enterprise,8,15979,181,46,447,29,40,0.10869565217391304,30.698333333333334,40.041304347826085,0.0894854586129754,4.0,0.0,3.0,36.75,90.5,3.0,4.666666666666667,False,3-4,Q3,Q2,2024-12-31,Casual Accounts,True
A-00bed1,Company_306,Cybersecurity,US,ads,Basic,28,True,False,2023-11-14,2023-11-01,413,1,True,2024-01-03,2023Q4,12-18 months,2024-08-28,True,10,9,1,0,3,0,0.6,0.9,33506,True,True,False,Enterprise,10,33506,314,51,514,32,27,0.0392156862745098,39.92611111111111,46.9718954248366,0.05252918287937743,4.0,0.0,4.0,31.75,106.25,1.0,4.0,False,3-4,Q4 (highest),Q3,2024-12-31,Engaged Accounts,False
A-ffc04f,Company_307,EdTech,US,ads,Pro,13,False,False,2024-06-06,2024-06-01,208,1,True,2024-08-03,2024Q2,6-12 months,2024-08-05,True,15,12,3,2,0,1,0.3333333333333333,0.5333333333333333,20039,True,False,True,Enterprise,13,17393,197,86,857,37,64,0.08139534883720931,77.04083333333334,53.74941860465116,0.07467911318553092,7.0,1.0,3.0,17.714285714285715,58.57142857142857,4.0,4.5,True,7+,Q4 (highest),Q4 (highest),2024-12-31,Power Accounts,True
A-65c341,Company_308,FinTech,US,ads,Pro,11,True,False,2023-12-26,2023-12-01,371,2,True,2024-03-07,2023Q4,12-18 months,2024-10-03,True,8,7,1,2,0,0,0.625,1.0,30546,True,False,False,Enterprise,6,22466,134,38,410,25,18,0.10526315789473684,40.852222222222224,64.50350877192983,0.04390243902439024,5.0,0.0,4.0,41.4,79.25,1.0,4.0,False,5-6,Q2,Q2,2024-12-31,Casual Accounts,False
A-dcc2f0,Company_309,FinTech,UK,organic,Basic,15,False,False,2023-07-22,2023-07-01,528,1,True,2024-04-10,2023Q3,12-18 months,2023-11-22,True,15,13,2,1,2,0,0.6,0.8666666666666667,17493,True,True,False,Enterprise,14,16758,222,76,833,35,26,0.10526315789473684,67.69416666666666,53.44276315789474,0.031212484993997598,2.0,0.0,1.0,27.0,100.0,0.0,,False,1-2,Q4 (highest),Q4 (highest),2024-12-31,Power Accounts,False
A-ced9aa,Company_310,DevTools,US,other,Enterprise,3,False,False,2024-10-05,2024-10-01,87,0,False,,2024Q4,0-6 months,,,11,11,0,2,0,0,0.5454545454545454,1.0,6252,False,False,False,Enterprise,9,4697,53,55,531,33,39,0.09090909090909091,46.38055555555555,50.5969696969697,0.07344632768361582,7.0,0.0,2.0,28.857142857142858,102.85714285714286,1.0,3.0,False,7+,Q4 (highest),Q3,2024-12-31,Engaged Accounts,True
A-3d957b,Company_311,HealthTech,UK,other,Pro,14,False,False,2024-04-04,2024-04-01,271,1,True,2024-05-05,2024Q2,6-12 months,,,6,6,0,1,3,0,0.16666666666666666,0.6666666666666666,11852,False,True,False,Enterprise,5,9066,144,15,143,13,13,0.2,12.13861111111111,48.55444444444445,0.09090909090909091,3.0,0.0,3.0,41.333333333333336,79.33333333333333,1.0,3.0,False,3-4,Q1 (lowest),Q1 (lowest),2024-12-31,Low-Engagement Accounts,True
A-89ee83,Company_312,Cybersecurity,US,organic,Pro,1,False,True,2024-10-04,2024-10-01,88,0,False,,2024Q4,0-6 months,,,11,11,0,2,3,0,0.36363636363636365,1.0,24907,False,True,False,Enterprise,9,20140,220,59,565,28,26,0.1016949152542373,47.95166666666667,48.764406779661016,0.04601769911504425,5.0,1.0,2.0,21.8,66.2,3.0,4.0,True,5-6,Q3,Q3,2024-12-31,Engaged Accounts,True
A-883b7d,Company_313,Cybersecurity,IN,other,Basic,17,False,False,2024-03-28,2024-03-01,278,0,False,,2024Q1,6-12 months,2024-05-12,True,12,10,2,1,0,0,0.6666666666666666,0.75,30524,True,False,False,Enterprise,11,28515,315,66,644,35,40,0.10606060606060606,52.64277777777778,47.85707070707071,0.062111801242236024,7.0,1.0,5.0,25.571428571428573,62.285714285714285,5.0,3.6,True,7+,Q4 (highest),Q4 (highest),2024-12-31,Power Accounts,True
A-dcc3f1,Company_314,HealthTech,US,event,Pro,21,False,False,2023-12-27,2023-12-01,370,2,True,2024-07-16,2023Q4,12-18 months,2024-03-22,True,8,7,1,0,0,1,0.5,0.75,12747,True,False,True,Enterprise,8,12747,183,48,500,31,32,0.125,38.321666666666665,47.90208333333333,0.064,9.0,0.0,6.0,35.666666666666664,83.44444444444444,5.0,3.8,False,7+,Q3,Q3,2024-12-31,Engaged Accounts,False
A-c62e55,Company_315,EdTech,US,partner,Basic,1,True,False,2023-02-08,2023-02-01,692,0,False,,2023Q1,18-24 months,,,9,9,0,0,1,0,0.6666666666666666,0.7777777777777778,11902,False,True,False,Enterprise,9,11902,208,32,337,24,13,0.1875,24.179166666666667,45.3359375,0.03857566765578635,4.0,0.0,2.0,27.5,101.25,3.0,4.0,False,3-4,Q2,Q1 (lowest),2024-12-31,Low-Engagement Accounts,False
A-e4144b,Company_316,EdTech,UK,other,Pro,41,False,False,2024-10-22,2024-10-01,70,0,False,,2024Q4,0-6 months,2024-11-25,True,10,6,4,0,1,0,0.7,0.8,35424,True,True,False,Enterprise,10,35424,246,43,439,26,21,0.11627906976744186,37.054722222222225,51.70426356589147,0.04783599088838269,3.0,0.0,2.0,57.0,172.33333333333334,2.0,4.0,False,3-4,Q2,Q2,2024-12-31,Casual Accounts,False
A-e40f45,Company_317,HealthTech,US,organic,Pro,21,False,False,2024-04-18,2024-04-01,257,1,True,2024-11-09,2024Q2,6-12 months,2024-08-25,True,7,6,1,1,3,0,0.2857142857142857,0.8571428571428571,11825,True,True,False,Enterprise,6,11426,134,45,401,29,26,0.1111111111111111,34.153888888888886,45.53851851851852,0.06483790523690773,7.0,0.0,4.0,26.714285714285715,96.28571428571429,3.0,4.333333333333333,False,7+,Q3,Q2,2024-12-31,Casual Accounts,False
A-96215d,Company_318,FinTech,US,event,Enterprise,10,False,False,2024-08-08,2024-08-01,145,0,False,,2024Q3,0-6 months,,,6,6,0,0,1,0,0.5,0.5,10312,False,True,False,Enterprise,6,10312,88,32,347,20,21,0.15625,29.011666666666667,54.396875,0.06051873198847262,1.0,0.0,1.0,25.0,115.0,1.0,3.0,False,1-2,Q1 (lowest),Q1 (lowest),2024-12-31,Low-Engagement Accounts,False
A-2b9d3e,Company_319,EdTech,US,partner,Enterprise,1,False,False,2023-06-04,2023-06-01,576,0,False,,2023Q2,18-24 months,2024-03-27,True,9,8,1,0,1,0,0.5555555555555556,0.8888888888888888,5142,True,True,False,Enterprise,9,5142,108,45,444,26,19,0.1111111111111111,39.60805555555555,52.81074074074074,0.04279279279279279,3.0,0.0,2.0,34.666666666666664,79.33333333333333,1.0,5.0,False,3-4,Q2,Q2,2024-12-31,Casual Accounts,False
A-b7724f,Company_320,HealthTech,UK,organic,Basic,1,False,False,2023-03-28,2023-03-01,644,3,True,2023-08-25,2023Q1,18-24 months,,,8,8,0,3,0,0,0.375,0.875,3222,False,False,False,Pro,5,2774,146,38,380,28,16,0.05263157894736842,25.903055555555557,40.89956140350877,0.042105263157894736,3.0,0.0,1.0,28.666666666666668,92.0,2.0,3.0,False,3-4,Q3,Q2,2024-12-31,Casual Accounts,False
A-310452,Company_321,DevTools,FR,other,Enterprise,9,False,False,2024-12-25,2024-12-01,6,2,True,2024-12-25,2024Q4,0-6 months,2024-12-28,True,5,4,1,0,0,0,0.8,0.8,11003,True,False,False,Enterprise,5,11003,77,25,268,20,16,0.16,18.216944444444444,43.720666666666666,0.05970149253731343,5.0,0.0,1.0,34.2,113.6,5.0,3.6,False,5-6,Q1 (lowest),Q1 (lowest),2024-12-31,Low-Engagement Accounts,False
A-eb1312,Company_322,FinTech,US,partner,Pro,25,False,False,2024-09-16,2024-09-01,106,2,True,2024-09-28,2024Q3,0-6 months,,,12,12,0,1,1,0,0.4166666666666667,0.8333333333333334,18147,False,True,False,Enterprise,11,17672,338,65,663,31,38,0.06153846153846154,52.235277777777775,48.217179487179486,0.05731523378582202,1.0,0.0,0.0,68.0,117.0,1.0,5.0,False,1-2,Q3,Q4 (highest),2024-12-31,Engaged Accounts,False
A-df1e44,Company_323,Cybersecurity,UK,organic,Enterprise,12,False,False,2024-02-23,2024-02-01,312,2,True,2024-10-17,2024Q1,6-12 months,2024-03-08,True,11,9,2,1,1,1,0.5454545454545454,0.7272727272727273,13107,True,True,True,Enterprise,10,10719,171,42,420,25,14,0.11904761904761904,34.00888888888889,48.58412698412699,0.03333333333333333,2.0,0.0,1.0,53.0,109.5,1.0,5.0,False,1-2,Q2,Q2,2024-12-31,Casual Accounts,False
A-6a7c9d,Company_324,Cybersecurity,US,organic,Enterprise,26,False,True,2024-10-24,2024-10-01,68,2,True,2024-11-15,2024Q4,0-6 months,,,5,5,0,1,0,0,0.4,1.0,13028,False,False,False,Enterprise,4,12135,105,19,189,15,6,0.05263157894736842,18.057222222222222,57.02280701754386,0.031746031746031744,3.0,0.0,2.0,34.333333333333336,60.0,2.0,4.0,False,3-4,Q1 (lowest),Q1 (lowest),2024-12-31,Low-Engagement Accounts,False
A-cbd1a3,Company_325,DevTools,US,other,Basic,6,False,True,2024-11-25,2024-11-01,36,0,False,,2024Q4,0-6 months,2024-11-30,True,10,9,1,0,2,0,0.5,0.8,16351,True,True,False,Enterprise,10,16351,169,45,465,29,32,0.06666666666666667,35.780277777777776,47.70703703703704,0.06881720430107527,4.0,0.0,1.0,34.5,81.75,2.0,4.0,False,3-4,Q3,Q2,2024-12-31,Casual Accounts,True
A-a8d89d,Company_326,EdTech,US,ads,Pro,13,False,False,2023-12-08,2023-12-01,389,2,True,2024-01-18,2023Q4,12-18 months,2024-09-24,True,12,11,1,0,2,0,0.3333333333333333,0.9166666666666666,29320,True,True,False,Enterprise,12,29320,250,54,551,32,26,0.09259259259259259,47.49055555555555,52.76728395061728,0.047186932849364795,2.0,0.0,0.0,44.5,139.0,1.0,5.0,False,1-2,Q4 (highest),Q3,2024-12-31,Engaged Accounts,False
A-600734,Company_327,DevTools,US,organic,Pro,29,True,True,2023-11-14,2023-11-01,413,0,False,,2023Q4,12-18 months,2024-08-14,True,13,12,1,2,2,0,0.46153846153846156,0.7692307692307693,18132,True,True,False,Enterprise,11,16711,349,69,660,33,30,0.15942028985507245,52.79888888888889,45.91207729468599,0.045454545454545456,7.0,1.0,5.0,52.57142857142857,89.42857142857143,3.0,3.6666666666666665,True,7+,Q4 (highest),Q4 (highest),2024-12-31,Power Accounts,True
A-86fc1d,Company_328,DevTools,UK,partner,Basic,26,False,False,2024-07-26,2024-07-01,158,1,True,2024-08-12,2024Q3,0-6 months,2024-10-14,True,9,6,3,2,3,0,0.1111111111111111,0.8888888888888888,15181,True,True,False,Enterprise,7,14687,173,37,363,26,26,0.08108108108108109,30.863333333333333,50.048648648648644,0.07162534435261708,5.0,0.0,5.0,27.0,59.2,2.0,4.0,False,5-6,Q2,Q1 (lowest),2024-12-31,Low-Engagement Accounts,True
A-78f02b,Company_329,HealthTech,US,event,Enterprise,11,False,False,2024-11-17,2024-11-01,44,2,True,2024-12-02,2024Q4,0-6 months,,,4,4,0,0,1,0,0.75,0.75,15081,False,True,False,Enterprise,4,15081,219,20,211,17,16,0.15,17.319166666666668,51.957499999999996,0.07582938388625593,4.0,0.0,1.0,45.75,55.0,3.0,4.0,False,3-4,Q1 (lowest),Q1 (lowest),2024-12-31,Low-Engagement Accounts,True
A-acb7f7,Company_330,EdTech,US,ads,Basic,32,False,False,2024-01-06,2024-01-01,360,1,True,2024-03-21,2024Q1,6-12 months,2024-03-28,True,12,10,2,0,2,1,0.4166666666666667,0.8333333333333334,32574,True,True,True,Enterprise,12,32574,336,62,612,33,36,0.16129032258064516,49.06333333333333,47.480645161290326,0.058823529411764705,3.0,0.0,1.0,41.0,91.0,2.0,3.5,False,3-4,Q4 (highest),Q3,2024-12-31,Engaged Accounts,False
A-712f1c,Company_331,DevTools,US,ads,Basic,17,False,True,2023-12-16,2023-12-01,381,1,True,2024-10-24,2023Q4,12-18 months,2024-01-28,True,12,11,1,1,2,0,0.5,0.8333333333333334,42999,True,True,False,Enterprise,11,39616,304,68,631,32,34,0.07352941176470588,50.361666666666665,44.43676470588235,0.05388272583201268,6.0,0.0,3.0,41.666666666666664,88.83333333333333,4.0,4.0,False,5-6,Q4 (highest),Q4 (highest),2024-12-31,Power Accounts,False
A-3793ee,Company_332,Cybersecurity,CA,organic,Enterprise,49,True,False,2023-03-21,2023-03-01,651,1,True,2023-06-16,2023Q1,18-24 months,2023-11-20,True,7,5,2,1,1,1,0.2857142857142857,0.8571428571428571,26705,True,True,True,Enterprise,6,24304,196,38,352,25,11,0.02631578947368421,27.05027777777778,42.7109649122807,0.03125,4.0,0.0,1.0,43.75,100.25,1.0,4.0,False,3-4,Q2,Q1 (lowest),2024-12-31,Low-Engagement Accounts,False
A-9a532a,Company_333,HealthTech,US,partner,Enterprise,11,False,False,2024-07-06,2024-07-01,178,0,False,,2024Q3,0-6 months,2024-09-28,True,4,3,1,0,0,0,0.25,1.0,10945,True,False,False,Enterprise,4,10945,55,18,185,16,15,0.2222222222222222,20.99861111111111,69.99537037037038,0.08108108108108109,2.0,0.0,1.0,57.5,128.5,0.0,,False,1-2,Q1 (lowest),Q1 (lowest),2024-12-31,Low-Engagement Accounts,True
A-2ebb4b,Company_334,HealthTech,US,ads,Basic,41,False,False,2023-05-15,2023-05-01,596,3,True,2023-08-04,2023Q2,18-24 months,2023-06-04,True,10,8,2,1,1,0,0.3,1.0,30688,True,True,False,Enterprise,9,28679,311,50,488,27,33,0.14,39.861666666666665,47.833999999999996,0.06762295081967214,2.0,0.0,1.0,43.5,136.5,2.0,3.0,False,1-2,Q2,Q2,2024-12-31,Casual Accounts,True
A-6843f2,Company_335,HealthTech,CA,ads,Enterprise,21,False,False,2024-12-10,2024-12-01,21,0,False,,2024Q4,0-6 months,2024-12-21,True,9,8,1,0,0,1,0.3333333333333333,1.0,16520,True,False,True,Enterprise,9,16520,170,46,481,24,17,0.06521739130434782,35.117777777777775,45.80579710144927,0.035343035343035345,2.0,0.0,1.0,36.5,78.0,2.0,3.0,False,1-2,Q2,Q2,2024-12-31,Casual Accounts,False
A-c9bb3e,Company_336,EdTech,US,ads,Pro,5,False,False,2024-03-24,2024-03-01,282,2,True,2024-07-29,2024Q1,6-12 months,2024-08-20,True,10,9,1,1,1,0,0.5,0.9,15217,True,True,False,Enterprise,9,13502,218,46,474,27,20,0.043478260869565216,47.5425,62.01195652173913,0.04219409282700422,7.0,1.0,5.0,27.714285714285715,86.14285714285714,5.0,4.2,True,7+,Q2,Q2,2024-12-31,Casual Accounts,True
A-4814a3,Company_337,Cybersecurity,IN,event,Basic,87,False,True,2024-09-17,2024-09-01,105,1,True,2024-11-25,2024Q3,0-6 months,2024-10-19,True,11,9,2,1,2,1,0.18181818181818182,0.7272727272727273,87957,True,True,True,Enterprise,10,70644,696,60,587,35,45,0.11666666666666667,46.87972222222222,46.87972222222222,0.07666098807495741,4.0,1.0,2.0,18.75,97.0,1.0,4.0,True,3-4,Q4 (highest),Q3,2024-12-31,Engaged Accounts,True
A-b7b7b7,Company_338,FinTech,US,event,Basic,24,False,True,2024-06-30,2024-06-01,184,0,False,,2024Q2,6-12 months,2024-10-20,True,12,10,2,0,1,0,0.5,0.9166666666666666,28558,True,True,False,Enterprise,12,28558,322,55,571,31,26,0.10909090909090909,46.21944444444444,50.42121212121212,0.04553415061295972,3.0,0.0,0.0,17.0,69.0,2.0,5.0,False,3-4,Q3,Q3,2024-12-31,Engaged Accounts,False
A-ccc747,Company_339,HealthTech,FR,event,Pro,16,False,True,2024-01-12,2024-01-01,354,3,True,2024-04-15,2024Q1,6-12 months,2024-05-13,True,6,5,1,1,2,0,0.6666666666666666,0.3333333333333333,4812,True,True,False,Enterprise,5,3685,85,30,284,23,13,0.1,24.88388888888889,49.76777777777777,0.045774647887323945,4.0,1.0,1.0,32.25,83.25,1.0,5.0,True,3-4,Q1 (lowest),Q1 (lowest),2024-12-31,Low-Engagement Accounts,True
A-bb3bd4,Company_340,HealthTech,US,ads,Basic,23,False,False,2024-01-27,2024-01-01,339,2,True,2024-05-30,2024Q1,6-12 months,2024-12-16,True,7,6,1,0,2,0,0.7142857142857143,1.0,7452,True,True,False,Enterprise,7,7452,138,30,315,18,11,0.03333333333333333,26.0025,52.005,0.03492063492063492,11.0,0.0,5.0,32.72727272727273,106.36363636363636,7.0,4.142857142857143,False,7+,Q1 (lowest),Q1 (lowest),2024-12-31,Low-Engagement Accounts,False
A-09316c,Company_341,FinTech,AU,organic,Enterprise,70,False,False,2024-09-11,2024-09-01,111,1,True,2024-12-05,2024Q3,0-6 months,2024-10-22,True,11,10,1,0,2,0,0.5454545454545454,0.9090909090909091,70000,True,True,False,Enterprise,11,70000,700,54,566,28,31,0.09259259259259259,41.51694444444445,46.129938271604935,0.054770318021201414,4.0,1.0,1.0,54.75,106.25,4.0,3.75,True,3-4,Q3,Q3,2024-12-31,Engaged Accounts,True
A-96bbc6,Company_342,Cybersecurity,US,organic,Enterprise,39,False,False,2024-05-07,2024-05-01,238,3,True,2024-06-24,2024Q2,6-12 months,,,8,8,0,0,3,1,0.625,0.875,30426,False,True,True,Enterprise,8,30426,354,49,482,30,25,0.10204081632653061,42.44611111111111,51.974829931972785,0.05186721991701245,3.0,0.0,1.0,51.333333333333336,67.0,3.0,3.3333333333333335,False,3-4,Q3,Q2,2024-12-31,Casual Accounts,False
A-bc4d48,Company_343,EdTech,US,ads,Pro,35,True,False,2024-06-12,2024-06-01,202,0,False,,2024Q2,6-12 months,2024-06-29,True,7,6,1,0,1,0,0.7142857142857143,0.5714285714285714,12390,True,True,False,Enterprise,7,12390,210,32,321,24,9,0.03125,24.830833333333334,46.5578125,0.028037383177570093,6.0,1.0,4.0,41.166666666666664,65.83333333333333,5.0,4.2,True,5-6,Q2,Q1 (lowest),2024-12-31,Low-Engagement Accounts,True
A-b30291,Company_344,HealthTech,US,event,Basic,5,True,True,2024-04-05,2024-04-01,270,1,True,2024-09-03,2024Q2,6-12 months,2024-09-26,True,10,7,3,1,0,0,0.3,1.0,5375,True,False,False,Enterprise,9,5375,95,48,519,26,31,0.16666666666666666,44.74916666666667,55.936458333333334,0.05973025048169557,1.0,0.0,1.0,16.0,1.0,0.0,,False,1-2,Q2,Q3,2024-12-31,Engaged Accounts,False
A-cdf020,Company_345,DevTools,AU,organic,Pro,23,False,False,2023-08-16,2023-08-01,503,2,True,2023-12-08,2023Q3,12-18 months,2024-04-11,True,8,7,1,3,2,0,0.5,0.75,18072,True,True,False,Enterprise,5,9771,129,40,379,25,18,0.1,33.20055555555555,49.80083333333334,0.047493403693931395,4.0,0.0,2.0,29.5,12.0,3.0,4.0,False,3-4,Q2,Q2,2024-12-31,Casual Accounts,False
A-e6afc1,Company_346,DevTools,US,ads,Pro,1,False,False,2023-02-24,2023-02-01,676,0,False,,2023Q1,18-24 months,2023-08-27,True,11,9,2,0,0,0,0.36363636363636365,0.8181818181818182,22582,True,False,False,Enterprise,11,22582,298,71,679,32,30,0.08450704225352113,54.524166666666666,46.07676056338028,0.044182621502209134,0.0,0.0,0.0,,,0.0,,False,0,Q4 (highest),Q4 (highest),2024-12-31,Power Accounts,False
A-e3bd71,Company_347,Cybersecurity,US,partner,Basic,31,False,False,2023-03-25,2023-03-01,647,1,True,2023-12-30,2023Q1,18-24 months,2024-03-09,True,11,10,1,1,1,1,0.45454545454545453,0.7272727272727273,41630,True,True,True,Enterprise,10,35461,349,61,638,32,27,0.04918032786885246,51.95111111111111,51.09945355191257,0.04231974921630094,4.0,0.0,2.0,30.25,119.0,2.0,4.0,False,3-4,Q4 (highest),Q4 (highest),2024-12-31,Power Accounts,False
A-b179bf,Company_348,Cybersecurity,IN,ads,Basic,43,False,False,2024-10-27,2024-10-01,65,3,True,2024-10-31,2024Q4,0-6 months,2024-10-27,True,5,3,2,0,0,0,0.6,1.0,17931,True,False,False,Enterprise,5,17931,129,39,398,23,18,0.1282051282051282,30.793055555555554,47.373931623931625,0.04522613065326633,6.0,0.0,4.0,24.666666666666668,94.33333333333333,1.0,4.0,False,5-6,Q1 (lowest),Q2,2024-12-31,Casual Accounts,False
A-098560,Company_349,DevTools,UK,ads,Enterprise,1,False,True,2023-10-21,2023-10-01,437,2,True,2024-05-30,2023Q4,12-18 months,2024-02-24,True,11,10,1,1,1,0,0.36363636363636365,0.7272727272727273,12326,True,True,False,Enterprise,10,11775,165,55,567,32,32,0.14545454545454545,48.41722222222222,52.81878787878788,0.0564373897707231,2.0,1.0,1.0,28.0,26.0,2.0,3.0,True,1-2,Q4 (highest),Q3,2024-12-31,Engaged Accounts,True
A-82861f,Company_350,DevTools,UK,organic,Basic,41,False,False,2024-04-25,2024-04-01,250,1,True,2024-05-17,2024Q2,6-12 months,,,10,10,0,3,0,0,0.5,0.8,43633,False,False,False,Enterprise,7,32686,304,50,462,28,43,0.08,36.353611111111114,43.62433333333333,0.09307359307359307,5.0,0.0,2.0,24.4,55.0,5.0,3.2,False,5-6,Q3,Q2,2024-12-31,Casual Accounts,True
A-94c3cd,Company_351,FinTech,CA,other,Enterprise,32,False,False,2023-09-20,2023-09-01,468,0,False,,2023Q3,12-18 months,2024-01-06,True,6,3,3,0,0,0,0.5,0.6666666666666666,9036,True,False,False,Enterprise,6,9036,114,31,306,18,18,0.12903225806451613,28.94361111111111,56.019892473118276,0.058823529411764705,4.0,1.0,2.0,44.75,116.5,2.0,3.5,True,3-4,Q1 (lowest),Q1 (lowest),2024-12-31,Low-Engagement Accounts,True
A-a33200,Company_352,HealthTech,US,partner,Basic,29,False,False,2024-09-15,2024-09-01,107,1,True,2024-10-07,2024Q3,0-6 months,,,12,12,0,1,1,0,0.5833333333333334,0.75,28913,False,True,False,Enterprise,11,23142,348,55,517,33,26,0.09090909090909091,41.94361111111111,45.75666666666667,0.05029013539651837,3.0,0.0,1.0,36.333333333333336,88.33333333333333,2.0,4.5,False,3-4,Q4 (highest),Q3,2024-12-31,Engaged Accounts,False
A-034368,Company_353,EdTech,US,event,Enterprise,19,False,False,2023-11-05,2023-11-01,422,1,True,2024-08-29,2023Q4,12-18 months,2023-12-14,True,5,4,1,0,0,0,0.2,0.8,11194,True,False,False,Enterprise,5,11194,106,28,265,20,25,0.14285714285714285,22.33972222222222,47.87083333333333,0.09433962264150944,5.0,0.0,2.0,41.2,91.8,2.0,4.0,False,5-6,Q1 (lowest),Q1 (lowest),2024-12-31,Low-Engagement Accounts,True
A-b54c01,Company_354,DevTools,US,event,Enterprise,29,False,False,2024-09-29,2024-09-01,93,1,True,2024-10-23,2024Q3,0-6 months,2024-10-07,True,4,3,1,0,0,0,0.75,0.75,3393,True,False,False,Pro,4,3393,87,23,226,15,17,0.13043478260869565,18.048055555555557,47.08188405797102,0.0752212389380531,5.0,0.0,1.0,42.6,77.2,2.0,3.0,False,5-6,Q1 (lowest),Q1 (lowest),2024-12-31,Low-Engagement Accounts,True
A-d82ef9,Company_355,EdTech,UK,other,Basic,26,False,True,2024-07-02,2024-07-01,182,1,True,2024-08-06,2024Q3,6-12 months,2024-07-14,True,14,9,5,1,1,2,0.6428571428571429,0.6428571428571429,14327,True,True,True,Enterprise,13,13320,240,68,679,32,46,0.07352941176470588,53.895,47.55441176470588,0.06774668630338733,5.0,1.0,3.0,39.8,91.6,4.0,4.25,True,5-6,Q4 (highest),Q4 (highest),2024-12-31,Power Accounts,True
A-bb2f49,Company_356,Cybersecurity,US,other,Pro,8,False,False,2023-05-28,2023-05-01,583,0,False,,2023Q2,18-24 months,2024-01-14,True,11,10,1,1,2,1,0.36363636363636365,0.9090909090909091,23990,True,True,True,Enterprise,10,23990,320,60,618,31,42,0.03333333333333333,52.797222222222224,52.797222222222224,0.06796116504854369,3.0,0.0,2.0,22.333333333333332,102.33333333333333,2.0,4.0,False,3-4,Q3,Q3,2024-12-31,Engaged Accounts,True
A-1f559b,Company_357,HealthTech,US,organic,Enterprise,5,True,True,2023-09-04,2023-09-01,484,1,True,2024-09-28,2023Q3,12-18 months,,,10,10,0,2,0,1,0.4,0.6,11756,False,False,True,Enterprise,8,10350,150,40,400,29,27,0.1,32.57416666666666,48.861250000000005,0.0675,5.0,0.0,4.0,50.4,116.2,5.0,4.2,False,5-6,Q3,Q2,2024-12-31,Casual Accounts,True
A-5a215a,Company_358,EdTech,FR,other,Enterprise,87,False,False,2024-01-05,2024-01-01,361,0,False,,2024Q1,6-12 months,2024-02-05,True,18,14,4,6,2,0,0.5,0.8333333333333334,130152,True,True,False,Enterprise,12,69687,783,80,807,32,71,0.1,75.4588888888889,56.594166666666666,0.08798017348203221,4.0,0.0,2.0,29.5,38.0,3.0,4.0,False,3-4,Q4 (highest),Q4 (highest),2024-12-31,Power Accounts,True
A-3f9cc0,Company_359,HealthTech,US,event,Basic,22,False,False,2024-06-03,2024-06-01,211,3,True,2024-07-18,2024Q2,6-12 months,2024-07-06,True,7,6,1,0,1,2,0.42857142857142855,0.7142857142857143,19940,True,True,True,Enterprise,7,19940,140,42,407,25,24,0.0,34.533611111111114,49.33373015873016,0.05896805896805897,5.0,1.0,3.0,34.8,101.0,2.0,4.5,True,5-6,Q2,Q2,2024-12-31,Casual Accounts,True
A-f9cc74,Company_360,DevTools,FR,partner,Enterprise,30,True,False,2024-10-12,2024-10-01,80,0,False,,2024Q4,0-6 months,2024-11-09,True,10,6,4,1,1,0,0.3,0.8,15557,True,True,False,Enterprise,9,14550,150,50,484,30,22,0.14,36.340555555555554,43.608666666666664,0.045454545454545456,6.0,0.0,0.0,49.833333333333336,118.33333333333333,5.0,4.0,False,5-6,Q3,Q2,2024-12-31,Casual Accounts,False
A-ed510f,Company_361,Cybersecurity,IN,partner,Basic,42,False,False,2023-01-17,2023-01-01,714,1,True,2023-05-05,2023Q1,18-24 months,2023-04-19,True,10,9,1,1,2,0,0.7,0.7,36162,True,True,False,Enterprise,9,35364,336,49,493,27,28,0.10204081632653061,44.65111111111111,54.67482993197279,0.056795131845841784,9.0,0.0,4.0,44.55555555555556,82.55555555555556,4.0,4.0,False,7+,Q2,Q2,2024-12-31,Casual Accounts,False
A-5c9849,Company_362,EdTech,IN,partner,Basic,19,False,False,2024-11-03,2024-11-01,58,1,True,2024-11-13,2024Q4,0-6 months,2024-11-11,True,9,6,3,1,2,0,0.1111111111111111,0.7777777777777778,36755,True,True,False,Enterprise,8,18646,184,46,473,30,23,0.043478260869565216,42.07861111111111,54.88514492753623,0.048625792811839326,4.0,1.0,2.0,59.5,41.0,0.0,,True,3-4,Q3,Q2,2024-12-31,Casual Accounts,True
A-a7bd4b,Company_363,Cybersecurity,US,ads,Enterprise,5,False,False,2023-02-15,2023-02-01,685,1,True,2024-10-15,2023Q1,18-24 months,2023-06-13,True,11,9,2,3,2,0,0.5454545454545454,0.8181818181818182,6268,True,True,False,Enterprise,8,5102,158,55,576,29,37,0.09090909090909091,46.32555555555555,50.53696969696969,0.0642361111111111,6.0,0.0,4.0,36.833333333333336,86.16666666666667,4.0,3.25,False,5-6,Q3,Q3,2024-12-31,Engaged Accounts,False
A-d4ac0e,Company_364,DevTools,UK,ads,Basic,18,False,False,2024-04-20,2024-04-01,255,0,False,,2024Q2,6-12 months,2024-05-10,True,19,17,2,1,3,0,0.5789473684210527,0.8947368421052632,27557,True,True,False,Enterprise,18,27215,365,80,793,38,53,0.1125,68.2275,51.170625,0.06683480453972257,4.0,0.0,2.0,21.0,34.0,2.0,3.5,False,3-4,Q4 (highest),Q4 (highest),2024-12-31,Power Accounts,True
A-ffdfd5,Company_365,EdTech,US,organic,Basic,3,False,True,2024-04-13,2024-04-01,262,1,True,2024-08-08,2024Q2,6-12 months,2024-09-09,True,10,8,2,1,1,0,0.5,0.8,14322,True,True,False,Enterprise,9,14175,195,52,529,29,28,0.07692307692307693,38.780277777777776,44.74647435897436,0.052930056710775046,0.0,0.0,0.0,,,0.0,,False,0,Q3,Q3,2024-12-31,Engaged Accounts,False
A-0dbdc6,Company_366,Cybersecurity,DE,other,Pro,30,False,True,2023-02-12,2023-02-01,688,2,True,2023-11-26,2023Q1,18-24 months,2023-06-14,True,9,8,1,0,0,0,0.4444444444444444,0.8888888888888888,28273,True,False,False,Enterprise,9,28273,277,52,512,32,31,0.11538461538461539,43.085277777777776,49.713782051282045,0.060546875,4.0,0.0,1.0,47.0,95.25,1.0,5.0,False,3-4,Q4 (highest),Q3,2024-12-31,Engaged Accounts,False
A-7cfe77,Company_367,DevTools,US,ads,Pro,69,False,False,2024-07-10,2024-07-01,174,2,True,2024-09-09,2024Q3,0-6 months,,,5,5,0,0,1,1,0.6,1.0,12765,False,True,True,Pro,5,12765,345,19,205,16,11,0.05263157894736842,15.995,50.51052631578947,0.05365853658536585,7.0,0.0,3.0,30.714285714285715,105.57142857142857,4.0,3.5,False,7+,Q1 (lowest),Q1 (lowest),2024-12-31,Low-Engagement Accounts,False
A-1f0636,Company_368,EdTech,AU,partner,Pro,105,False,False,2024-01-01,2024-01-01,365,0,False,,2024Q1,6-12 months,2024-02-27,True,11,8,3,1,3,0,0.8181818181818182,0.8181818181818182,94710,True,True,False,Enterprise,10,94710,840,68,685,32,30,0.058823529411764705,58.922222222222224,51.990196078431374,0.043795620437956206,2.0,0.0,2.0,38.5,75.0,2.0,3.5,False,1-2,Q4 (highest),Q4 (highest),2024-12-31,Power Accounts,False
A-40de06,Company_369,Cybersecurity,US,event,Enterprise,28,False,True,2023-05-08,2023-05-01,603,0,False,,2023Q2,18-24 months,2024-06-02,True,16,14,2,2,2,1,0.625,0.8125,28862,True,True,True,Enterprise,14,21918,402,91,902,37,43,0.15384615384615385,74.27777777777777,48.97435897435898,0.04767184035476718,3.0,0.0,1.0,40.333333333333336,67.66666666666667,1.0,4.0,False,3-4,Q4 (highest),Q4 (highest),2024-12-31,Power Accounts,False
A-cb5333,Company_370,DevTools,US,ads,Pro,33,False,False,2024-03-26,2024-03-01,280,1,True,2024-08-11,2024Q1,6-12 months,2024-05-04,True,16,13,3,1,0,1,0.375,0.75,26256,True,False,True,Enterprise,15,24639,411,82,796,36,34,0.0975609756097561,73.26861111111111,53.611178861788616,0.04271356783919598,4.0,0.0,2.0,30.75,85.75,1.0,3.0,False,3-4,Q4 (highest),Q4 (highest),2024-12-31,Power Accounts,False
A-309e54,Company_371,DevTools,US,other,Pro,15,False,False,2024-12-09,2024-12-01,22,1,True,2024-12-14,2024Q4,0-6 months,2024-12-13,True,11,8,3,1,0,1,0.45454545454545453,1.0,28549,True,False,True,Enterprise,10,26932,238,52,509,28,24,0.057692307692307696,46.721944444444446,53.90993589743589,0.047151277013752456,5.0,0.0,3.0,23.8,90.2,1.0,3.0,False,5-6,Q3,Q3,2024-12-31,Engaged Accounts,False
A-6e7827,Company_372,DevTools,US,other,Basic,1,False,False,2023-03-26,2023-03-01,646,2,True,2023-09-19,2023Q1,18-24 months,,,9,9,0,1,3,0,0.4444444444444444,0.7777777777777778,8344,False,True,False,Enterprise,8,5894,86,41,419,24,31,0.07317073170731707,34.25194444444445,50.12479674796748,0.07398568019093078,2.0,0.0,0.0,51.0,83.5,2.0,3.5,False,1-2,Q2,Q2,2024-12-31,Casual Accounts,True
A-50bb9f,Company_373,Cybersecurity,US,organic,Pro,2,False,False,2024-07-12,2024-07-01,172,2,True,2024-09-08,2024Q3,0-6 months,,,8,8,0,1,2,0,0.25,0.875,17263,False,True,False,Enterprise,7,15499,151,24,276,18,15,0.20833333333333334,27.59111111111111,68.97777777777779,0.05434782608695652,7.0,0.0,3.0,33.285714285714285,74.71428571428571,3.0,4.0,False,7+,Q1 (lowest),Q1 (lowest),2024-12-31,Low-Engagement Accounts,False
A-5fe118,Company_374,Cybersecurity,US,other,Enterprise,39,False,False,2024-11-07,2024-11-01,54,1,True,2024-12-16,2024Q4,0-6 months,2024-12-29,False,5,4,1,0,0,0,0.4,0.8,22290,True,False,False,Enterprise,5,22290,240,21,233,14,12,0.23809523809523808,16.639444444444443,47.54126984126984,0.05150214592274678,1.0,0.0,1.0,19.0,26.0,1.0,4.0,False,1-2,Q1 (lowest),Q1 (lowest),2024-12-31,Low-Engagement Accounts,False
A-5247b3,Company_375,FinTech,UK,partner,Pro,16,True,False,2024-03-12,2024-03-01,294,2,True,2024-10-12,2024Q1,6-12 months,2024-04-17,True,11,9,2,1,3,0,0.45454545454545453,0.9090909090909091,11791,True,True,False,Enterprise,10,11791,229,60,610,32,29,0.15,49.22555555555556,49.22555555555555,0.047540983606557376,5.0,0.0,4.0,45.8,96.6,3.0,4.0,False,5-6,Q4 (highest),Q3,2024-12-31,Engaged Accounts,False
A-f44180,Company_376,Cybersecurity,UK,event,Pro,9,False,False,2023-02-13,2023-02-01,687,1,True,2023-04-29,2023Q1,18-24 months,2024-06-30,False,11,8,3,2,0,0,0.6363636363636364,0.7272727272727273,28788,True,False,False,Enterprise,9,9286,64,52,520,27,22,0.19230769230769232,45.589166666666664,52.60288461538462,0.04230769230769231,2.0,0.0,1.0,46.5,123.0,2.0,5.0,False,1-2,Q2,Q3,2024-12-31,Engaged Accounts,False
A-c16cf7,Company_377,EdTech,US,event,Pro,13,True,False,2024-10-16,2024-10-01,76,2,True,2024-11-08,2024Q4,0-6 months,2024-11-02,True,10,9,1,1,0,0,0.6,0.8,12274,True,False,False,Enterprise,9,7498,202,58,577,33,26,0.13793103448275862,40.235,41.62241379310345,0.045060658578856154,3.0,0.0,0.0,48.333333333333336,111.66666666666667,2.0,3.5,False,3-4,Q4 (highest),Q3,2024-12-31,Engaged Accounts,False
A-d42431,Company_378,FinTech,FR,ads,Enterprise,22,True,False,2024-06-09,2024-06-01,205,2,True,2024-06-26,2024Q2,6-12 months,,,9,9,0,1,1,1,0.4444444444444444,0.7777777777777778,21160,False,True,True,Enterprise,8,20742,258,47,457,26,34,0.1276595744680851,37.184444444444445,47.46950354609929,0.07439824945295405,4.0,0.0,3.0,24.25,119.5,2.0,4.0,False,3-4,Q2,Q2,2024-12-31,Casual Accounts,True
A-6965e1,Company_379,DevTools,US,organic,Basic,13,False,False,2024-11-25,2024-11-01,36,3,True,2024-12-02,2024Q4,0-6 months,2024-12-05,True,12,11,1,0,1,1,0.3333333333333333,0.6666666666666666,27765,True,True,True,Enterprise,12,27765,195,59,627,27,29,0.06779661016949153,52.265,53.15084745762712,0.046251993620414676,3.0,0.0,1.0,39.0,128.33333333333334,1.0,3.0,False,3-4,Q2,Q4 (highest),2024-12-31,Engaged Accounts,False
A-0354fe,Company_380,Cybersecurity,US,other,Basic,34,False,False,2024-10-22,2024-10-01,70,2,True,2024-11-15,2024Q4,0-6 months,2024-11-03,True,7,5,2,1,1,0,0.42857142857142855,0.7142857142857143,15470,True,True,False,Enterprise,6,14824,136,45,463,28,30,0.06666666666666667,42.34305555555556,56.45740740740741,0.06479481641468683,4.0,0.0,2.0,20.0,56.666666666666664,2.0,4.0,False,3-4,Q3,Q2,2024-12-31,Casual Accounts,False
A-0a62f5,Company_381,FinTech,UK,partner,Pro,16,False,False,2024-09-11,2024-09-01,111,5,True,2024-09-27,2024Q3,0-6 months,,,4,4,0,0,0,0,0.5,1.0,4861,False,False,False,Enterprise,4,4861,79,25,244,20,7,0.08,20.802777777777777,49.92666666666666,0.028688524590163935,2.0,0.0,2.0,33.5,105.0,0.0,,False,1-2,Q1 (lowest),Q1 (lowest),2024-12-31,Low-Engagement Accounts,False
A-f5641b,Company_382,EdTech,US,other,Pro,31,False,False,2024-03-30,2024-03-01,276,2,True,2024-04-20,2024Q1,6-12 months,2024-06-08,True,10,9,1,1,1,1,0.2,0.6,39120,True,True,True,Enterprise,9,32951,269,39,438,27,18,0.10256410256410256,39.346944444444446,60.53376068376068,0.0410958904109589,4.0,1.0,3.0,47.5,98.0,2.0,3.0,True,3-4,Q2,Q2,2024-12-31,Casual Accounts,True
A-b44e3e,Company_383,Cybersecurity,UK,ads,Basic,40,False,False,2024-02-12,2024-02-01,323,1,True,2024-04-14,2024Q1,6-12 months,2024-07-23,True,7,6,1,1,3,0,0.7142857142857143,0.8571428571428571,43521,True,True,False,Enterprise,6,35561,239,38,387,20,13,0.10526315789473684,31.920277777777777,50.40043859649123,0.03359173126614987,3.0,0.0,2.0,40.0,75.33333333333333,3.0,4.333333333333333,False,3-4,Q1 (lowest),Q2,2024-12-31,Casual Accounts,False
A-3b37d9,Company_384,FinTech,US,event,Enterprise,23,False,False,2023-01-27,2023-01-01,704,2,True,2023-12-26,2023Q1,18-24 months,2023-12-02,True,7,5,2,1,2,0,0.7142857142857143,0.8571428571428571,19435,True,True,False,Enterprise,6,14858,92,43,451,26,21,0.046511627906976744,35.58861111111111,49.65852713178295,0.04656319290465632,5.0,0.0,2.0,36.0,89.8,2.0,4.5,False,5-6,Q2,Q2,2024-12-31,Casual Accounts,False
A-54d94a,Company_385,Cybersecurity,IN,event,Basic,27,False,False,2023-05-01,2023-05-01,610,0,False,,2023Q2,18-24 months,2023-11-29,True,11,10,1,1,1,1,0.45454545454545453,0.9090909090909091,12557,True,True,True,Enterprise,10,12557,323,59,582,30,28,0.11864406779661017,48.37833333333333,49.19830508474577,0.048109965635738834,4.0,0.0,0.0,53.75,82.75,2.0,3.5,False,3-4,Q3,Q3,2024-12-31,Engaged Accounts,False
A-7f29a7,Company_386,Cybersecurity,UK,event,Basic,41,True,False,2024-09-18,2024-09-01,104,1,True,2024-10-09,2024Q3,0-6 months,2024-10-06,True,11,10,1,3,0,0,0.36363636363636365,0.6363636363636364,18860,True,False,False,Enterprise,8,9143,287,62,619,32,38,0.14516129032258066,49.22472222222222,47.636827956989244,0.061389337641357025,1.0,0.0,1.0,24.0,5.0,1.0,4.0,False,1-2,Q4 (highest),Q3,2024-12-31,Engaged Accounts,False
A-089363,Company_387,FinTech,AU,event,Basic,2,False,False,2023-05-06,2023-05-01,605,1,True,2023-11-27,2023Q2,18-24 months,2023-10-03,True,14,9,5,2,2,0,0.5,0.5714285714285714,21104,True,True,False,Enterprise,12,7373,107,61,628,30,33,0.14754098360655737,54.58083333333333,53.68606557377049,0.052547770700636945,3.0,0.0,1.0,35.0,91.33333333333333,3.0,3.6666666666666665,False,3-4,Q3,Q4 (highest),2024-12-31,Engaged Accounts,False
A-524364,Company_388,DevTools,FR,partner,Enterprise,3,False,False,2024-12-31,2024-12-01,0,0,False,,2024Q4,0-6 months,2024-12-31,True,6,4,2,0,0,0,0.3333333333333333,1.0,9552,True,False,False,Enterprise,6,9552,78,26,237,18,24,0.07692307692307693,20.158055555555556,46.51858974358974,0.10126582278481013,3.0,0.0,2.0,47.666666666666664,75.33333333333333,3.0,4.333333333333333,False,3-4,Q1 (lowest),Q1 (lowest),2024-12-31,Low-Engagement Accounts,True
A-855a48,Company_389,EdTech,US,partner,Pro,14,True,False,2023-12-22,2023-12-01,375,1,True,2024-08-01,2023Q4,12-18 months,,,8,8,0,0,0,1,0.625,0.375,30376,False,False,True,Enterprise,8,30376,214,44,448,26,16,0.1590909090909091,40.53,55.268181818181816,0.03571428571428571,5.0,0.0,4.0,39.6,122.0,3.0,3.6666666666666665,False,5-6,Q2,Q2,2024-12-31,Casual Accounts,False
A-756192,Company_390,FinTech,IN,other,Basic,19,False,False,2023-06-11,2023-06-01,569,0,False,,2023Q2,18-24 months,2023-09-17,True,10,8,2,0,1,0,0.3,0.8,21400,True,True,False,Enterprise,10,21400,250,64,617,32,43,0.046875,50.99583333333333,47.80859375,0.06969205834683954,3.0,0.0,2.0,37.333333333333336,102.33333333333333,2.0,4.0,False,3-4,Q4 (highest),Q3,2024-12-31,Engaged Accounts,True
A-49b828,Company_391,FinTech,IN,ads,Pro,6,False,False,2023-05-05,2023-05-01,606,0,False,,2023Q2,18-24 months,2023-08-10,True,14,13,1,0,2,0,0.5714285714285714,0.9285714285714286,31108,True,True,False,Enterprise,14,31108,262,65,687,29,45,0.15384615384615385,51.99527777777778,47.99564102564103,0.06550218340611354,3.0,1.0,0.0,13.666666666666666,87.66666666666667,2.0,3.5,True,3-4,Q3,Q4 (highest),2024-12-31,Engaged Accounts,True
A-c7ffc2,Company_392,Cybersecurity,US,partner,Pro,30,True,False,2023-01-27,2023-01-01,704,2,True,2023-04-15,2023Q1,18-24 months,,,12,12,0,0,3,0,0.4166666666666667,0.75,36112,False,True,False,Enterprise,12,36112,508,62,640,30,28,0.0967741935483871,55.82138888888889,54.02069892473118,0.04375,2.0,0.0,1.0,64.0,86.0,1.0,3.0,False,1-2,Q3,Q4 (highest),2024-12-31,Engaged Accounts,False
A-751c58,Company_393,FinTech,UK,organic,Basic,15,False,False,2024-07-18,2024-07-01,166,3,True,2024-09-17,2024Q3,0-6 months,2024-08-28,True,11,9,2,0,4,0,0.6363636363636364,0.8181818181818182,19597,True,True,False,Enterprise,11,19597,283,53,574,31,12,0.05660377358490566,49.834722222222226,56.416666666666664,0.020905923344947737,5.0,0.0,0.0,39.6,130.0,3.0,4.333333333333333,False,5-6,Q3,Q3,2024-12-31,Engaged Accounts,False
A-72799b,Company_394,DevTools,FR,event,Enterprise,20,False,True,2023-11-13,2023-11-01,414,1,True,2024-05-05,2023Q4,12-18 months,2023-11-18,True,10,8,2,1,2,1,0.4,0.8,17315,True,True,True,Enterprise,9,16935,195,56,550,31,34,0.17857142857142858,43.055,46.13035714285714,0.06181818181818182,2.0,1.0,1.0,33.5,80.0,2.0,4.5,True,1-2,Q3,Q3,2024-12-31,Engaged Accounts,True
A-812c5b,Company_395,DevTools,CA,organic,Basic,55,False,True,2024-02-25,2024-02-01,310,1,True,2024-05-11,2024Q1,6-12 months,2024-04-03,True,13,9,4,0,0,0,0.07692307692307693,0.9230769230769231,29884,True,False,False,Enterprise,13,29884,586,88,866,33,46,0.125,74.8875,51.05965909090909,0.053117782909930716,4.0,0.0,3.0,27.0,88.25,2.0,4.0,False,3-4,Q4 (highest),Q4 (highest),2024-12-31,Power Accounts,False
A-69b156,Company_396,EdTech,US,other,Pro,7,False,True,2023-11-21,2023-11-01,406,0,False,,2023Q4,12-18 months,2024-11-16,True,9,8,1,2,0,2,0.4444444444444444,0.7777777777777778,14293,True,False,True,Enterprise,7,13798,82,36,360,24,20,0.05555555555555555,28.4675,47.44583333333333,0.05555555555555555,7.0,0.0,4.0,32.0,100.57142857142857,4.0,4.0,False,7+,Q2,Q1 (lowest),2024-12-31,Low-Engagement Accounts,False
A-075038,Company_397,HealthTech,UK,ads,Basic,17,False,False,2023-05-12,2023-05-01,599,1,True,2024-09-05,2023Q2,18-24 months,2023-11-26,True,14,11,3,0,1,0,0.5,0.7857142857142857,18909,True,True,False,Enterprise,14,18909,351,70,743,32,31,0.12857142857142856,55.202222222222225,47.31619047619048,0.04172274562584118,2.0,0.0,2.0,43.5,54.0,2.0,3.0,False,1-2,Q4 (highest),Q4 (highest),2024-12-31,Power Accounts,False
A-940b8b,Company_398,HealthTech,DE,organic,Basic,1,False,False,2024-03-19,2024-03-01,287,0,False,,2024Q1,6-12 months,2024-06-07,True,8,5,3,0,1,1,0.75,0.75,9640,True,True,True,Enterprise,8,9640,130,35,362,23,32,0.08571428571428572,33.66222222222222,57.70666666666667,0.08839779005524862,3.0,0.0,2.0,41.333333333333336,89.33333333333333,2.0,4.0,False,3-4,Q1 (lowest),Q1 (lowest),2024-12-31,Low-Engagement Accounts,True
A-2d1036,Company_399,FinTech,US,ads,Pro,69,False,True,2024-06-14,2024-06-01,200,2,True,2024-10-19,2024Q2,6-12 months,,,13,13,0,3,0,1,0.6153846153846154,0.7692307692307693,64653,False,False,True,Enterprise,10,46230,690,69,692,31,40,0.14492753623188406,50.37083333333333,43.80072463768116,0.057803468208092484,5.0,1.0,2.0,37.8,49.0,5.0,4.6,True,5-6,Q3,Q4 (highest),2024-12-31,Engaged Accounts,True
A-0f6450,Company_400,FinTech,US,other,Pro,28,True,True,2024-12-27,2024-12-01,4,2,True,2024-12-29,2024Q4,0-6 months,2024-12-27,True,11,10,1,0,0,0,0.2727272727272727,0.7272727272727273,23800,True,False,False,Enterprise,11,23800,280,54,539,31,39,0.14814814814814814,48.519444444444446,53.910493827160494,0.07235621521335807,8.0,1.0,1.0,29.75,81.625,6.0,3.8333333333333335,True,7+,Q3,Q3,2024-12-31,Engaged Accounts,True
A-9affe6,Company_401,Cybersecurity,US,other,Pro,7,False,False,2023-03-22,2023-03-01,650,1,True,2024-01-12,2023Q1,18-24 months,,,11,11,0,2,2,0,0.36363636363636365,0.9090909090909091,10636,False,True,False,Enterprise,9,10142,188,47,473,26,16,0.06382978723404255,40.23694444444445,51.366312056737584,0.03382663847780127,3.0,0.0,2.0,58.0,76.0,1.0,3.0,False,3-4,Q2,Q2,2024-12-31,Casual Accounts,False
A-80eeb6,Company_402,Cybersecurity,UK,organic,Enterprise,22,False,False,2023-05-09,2023-05-01,602,2,True,2023-10-19,2023Q2,18-24 months,2024-09-14,True,16,15,1,3,4,1,0.5,0.9375,68489,True,True,True,Enterprise,13,58291,439,76,725,38,43,0.11842105263157894,61.64,48.66315789473684,0.05931034482758621,4.0,1.0,3.0,40.25,68.25,3.0,3.6666666666666665,True,3-4,Q4 (highest),Q4 (highest),2024-12-31,Power Accounts,True
A-d4e0d4,Company_403,FinTech,US,other,Basic,117,False,False,2024-10-18,2024-10-01,74,0,False,,2024Q4,0-6 months,,,10,10,0,1,1,1,0.3,0.9,138060,False,True,True,Enterprise,9,114777,1053,49,488,30,33,0.12244897959183673,40.214166666666664,49.24183673469388,0.06762295081967214,4.0,0.0,1.0,39.25,76.25,2.0,4.0,False,3-4,Q3,Q2,2024-12-31,Casual Accounts,True
A-c7e58b,Company_404,HealthTech,IN,other,Pro,3,False,False,2023-06-25,2023-06-01,555,0,False,,2023Q2,18-24 months,2024-09-07,False,7,6,1,0,0,0,0.42857142857142855,0.5714285714285714,5384,True,False,False,Enterprise,7,5384,56,34,343,22,18,0.029411764705882353,29.40361111111111,51.88872549019608,0.052478134110787174,5.0,0.0,2.0,30.6,98.4,4.0,3.5,False,5-6,Q1 (lowest),Q1 (lowest),2024-12-31,Low-Engagement Accounts,False
A-016043,Company_405,EdTech,CA,organic,Basic,4,True,False,2024-07-31,2024-07-01,153,1,True,2024-08-11,2024Q3,0-6 months,2024-09-28,True,11,9,2,1,3,0,0.6363636363636364,0.5454545454545454,16516,True,True,False,Enterprise,10,11740,130,47,490,26,21,0.06382978723404255,36.6875,46.83510638297873,0.04285714285714286,3.0,0.0,2.0,30.333333333333332,78.0,1.0,4.0,False,3-4,Q2,Q2,2024-12-31,Casual Accounts,False
A-bbe56f,Company_406,HealthTech,US,ads,Enterprise,21,False,False,2023-02-16,2023-02-01,684,0,False,,2023Q1,18-24 months,2024-04-04,True,5,4,1,0,1,0,0.8,1.0,6025,True,True,False,Enterprise,5,6025,85,22,232,13,8,0.18181818181818182,16.834444444444443,45.91212121212121,0.034482758620689655,4.0,0.0,2.0,26.25,120.5,3.0,4.0,False,3-4,Q1 (lowest),Q1 (lowest),2024-12-31,Low-Engagement Accounts,False
A-7c5768,Company_407,HealthTech,UK,event,Enterprise,3,False,False,2024-03-02,2024-03-01,304,0,False,,2024Q1,6-12 months,2024-09-28,True,9,6,3,0,0,0,0.4444444444444444,0.8888888888888888,3389,True,False,False,Enterprise,9,3389,131,46,461,27,31,0.08695652173913043,39.52111111111111,51.549275362318845,0.06724511930585683,5.0,0.0,4.0,28.8,96.4,3.0,4.0,False,5-6,Q2,Q2,2024-12-31,Casual Accounts,True
A-751bd4,Company_408,Cybersecurity,UK,partner,Pro,10,False,False,2024-07-12,2024-07-01,172,1,True,2024-09-22,2024Q3,0-6 months,2024-10-29,False,2,1,1,0,0,0,0.5,1.0,190,True,False,False,Pro,2,190,10,10,92,9,0,0.0,9.063611111111111,54.38166666666667,0.0,6.0,1.0,4.0,23.166666666666668,112.0,4.0,4.25,True,5-6,Q1 (lowest),Q1 (lowest),2024-12-31,Low-Engagement Accounts,True
A-4e0e85,Company_409,DevTools,US,organic,Enterprise,6,False,False,2023-09-08,2023-09-01,480,2,True,2023-11-16,2023Q3,12-18 months,2024-02-16,True,8,4,4,0,1,0,0.5,0.875,4544,True,True,False,Enterprise,8,4544,56,31,288,20,9,0.06451612903225806,22.33861111111111,43.23602150537634,0.03125,2.0,0.0,1.0,53.0,119.5,1.0,5.0,False,1-2,Q1 (lowest),Q1 (lowest),2024-12-31,Low-Engagement Accounts,False
A-ad3abd,Company_410,FinTech,US,event,Pro,44,False,False,2023-03-03,2023-03-01,669,1,True,2023-07-12,2023Q1,18-24 months,2023-11-21,True,7,6,1,3,0,0,0.42857142857142855,0.7142857142857143,16896,True,False,False,Enterprise,4,13904,176,29,296,20,11,0.034482758620689655,26.351666666666667,54.52068965517241,0.037162162162162164,3.0,0.0,2.0,13.0,70.33333333333333,2.0,3.0,False,3-4,Q1 (lowest),Q1 (lowest),2024-12-31,Low-Engagement Accounts,False
A-e19ff6,Company_411,Cybersecurity,UK,partner,Enterprise,1,False,False,2023-07-28,2023-07-01,522,3,True,2024-01-08,2023Q3,12-18 months,2024-03-25,True,12,8,4,0,1,0,0.5833333333333334,0.5833333333333334,4910,True,True,False,Enterprise,12,4910,140,45,456,26,24,0.022222222222222223,40.23444444444444,53.64592592592592,0.05263157894736842,3.0,0.0,3.0,30.666666666666668,115.0,3.0,4.666666666666667,False,3-4,Q2,Q2,2024-12-31,Casual Accounts,False
A-7920cc,Company_412,Cybersecurity,FR,ads,Pro,39,False,False,2023-11-23,2023-11-01,404,0,False,,2023Q4,12-18 months,2023-11-30,True,16,14,2,0,1,0,0.5,1.0,52089,True,True,False,Enterprise,16,52089,591,62,601,32,28,0.06451612903225806,49.30888888888889,47.71827956989247,0.04658901830282862,7.0,0.0,1.0,32.857142857142854,113.42857142857143,3.0,4.333333333333333,False,7+,Q4 (highest),Q3,2024-12-31,Engaged Accounts,False
A-5a92e7,Company_413,HealthTech,US,ads,Pro,4,False,False,2024-06-11,2024-06-01,203,2,True,2024-06-18,2024Q2,6-12 months,2024-06-27,True,19,15,4,2,0,0,0.42105263157894735,0.7894736842105263,12671,True,False,False,Enterprise,17,11666,254,85,885,37,76,0.09411764705882353,76.76027777777777,54.183725490196075,0.08587570621468926,7.0,0.0,4.0,45.0,86.14285714285714,5.0,4.4,False,7+,Q4 (highest),Q4 (highest),2024-12-31,Power Accounts,True
A-fdfc91,Company_414,Cybersecurity,US,ads,Basic,29,False,False,2023-05-06,2023-05-01,605,0,False,,2023Q2,18-24 months,2024-05-03,True,10,9,1,1,1,0,0.5,0.9,20612,True,True,False,Enterprise,9,19191,369,56,564,32,29,0.017857142857142856,43.92861111111111,47.06636904761904,0.051418439716312055,5.0,0.0,5.0,28.8,121.0,3.0,3.6666666666666665,False,5-6,Q4 (highest),Q3,2024-12-31,Engaged Accounts,False
A-1e50e0,Company_415,Cybersecurity,DE,other,Pro,19,True,True,2023-02-21,2023-02-01,679,2,True,2023-11-01,2023Q1,18-24 months,2023-04-25,True,5,4,1,1,1,0,0.4,0.8,13295,True,True,False,Enterprise,4,13295,155,20,194,17,15,0.1,17.40277777777778,52.208333333333336,0.07731958762886598,2.0,1.0,2.0,20.5,143.0,1.0,5.0,True,1-2,Q1 (lowest),Q1 (lowest),2024-12-31,Low-Engagement Accounts,True
A-1e1b80,Company_416,FinTech,CA,other,Enterprise,50,False,False,2023-09-12,2023-09-01,476,3,True,2023-10-04,2023Q3,12-18 months,2024-07-10,True,12,10,2,0,1,0,0.5,0.8333333333333334,48647,True,True,False,Enterprise,12,48647,503,68,682,34,47,0.029411764705882353,58.143055555555556,51.302696078431374,0.0689149560117302,6.0,0.0,4.0,43.0,67.5,5.0,3.2,False,5-6,Q4 (highest),Q4 (highest),2024-12-31,Power Accounts,True
A-659280,Company_417,FinTech,IN,event,Enterprise,13,True,True,2023-11-17,2023-11-01,410,2,True,2024-07-23,2023Q4,12-18 months,2024-11-25,False,12,10,2,0,2,0,0.5,0.25,21450,True,True,False,Enterprise,12,21450,210,60,613,30,34,0.1,51.70055555555555,51.70055555555555,0.05546492659053834,4.0,0.0,0.0,8.0,105.66666666666667,3.0,4.333333333333333,False,3-4,Q3,Q3,2024-12-31,Engaged Accounts,False
A-f6b2fb,Company_418,DevTools,AU,event,Basic,23,False,False,2024-04-23,2024-04-01,252,1,True,2024-07-11,2024Q2,6-12 months,2024-06-12,True,10,8,2,2,1,1,0.5,0.8,23359,True,True,True,Enterprise,8,22232,188,55,524,29,37,0.14545454545454545,44.00333333333333,48.00363636363636,0.07061068702290077,5.0,1.0,2.0,55.0,88.6,3.0,4.0,True,5-6,Q3,Q3,2024-12-31,Engaged Accounts,True
A-cb6cc6,Company_419,DevTools,US,ads,Basic,13,True,False,2023-04-03,2023-04-01,638,0,False,,2023Q2,18-24 months,2023-04-20,True,7,5,2,0,2,0,0.42857142857142855,0.42857142857142855,2622,True,True,False,Enterprise,7,2622,78,35,314,21,26,0.0,28.255277777777778,48.437619047619044,0.08280254777070063,3.0,0.0,2.0,16.333333333333332,131.66666666666666,2.0,3.5,False,3-4,Q1 (lowest),Q1 (lowest),2024-12-31,Low-Engagement Accounts,True
A-d62e02,Company_420,Cybersecurity,US,partner,Pro,6,False,False,2024-08-20,2024-08-01,133,0,False,,2024Q3,0-6 months,,,10,10,0,0,1,1,0.4,0.8,21324,False,True,True,Enterprise,10,21324,156,34,344,25,23,0.11764705882352941,35.210277777777776,62.13578431372549,0.06686046511627906,1.0,0.0,1.0,36.0,31.0,1.0,4.0,False,1-2,Q2,Q1 (lowest),2024-12-31,Low-Engagement Accounts,True
A-d535f6,Company_421,DevTools,US,organic,Basic,12,True,True,2024-09-03,2024-09-01,119,2,True,2024-10-05,2024Q3,0-6 months,2024-09-21,True,9,6,3,0,1,3,0.3333333333333333,0.8888888888888888,7415,True,True,True,Enterprise,9,7415,155,47,477,26,29,0.0851063829787234,40.570277777777775,51.79184397163121,0.06079664570230608,0.0,0.0,0.0,,,0.0,,False,0,Q2,Q2,2024-12-31,Casual Accounts,False
A-39868b,Company_422,FinTech,AU,partner,Pro,9,False,False,2024-03-17,2024-03-01,289,2,True,2024-05-06,2024Q1,6-12 months,2024-11-28,False,5,4,1,0,1,0,0.8,0.4,4194,True,True,False,Enterprise,5,4194,36,28,305,22,21,0.17857142857142858,29.525555555555556,63.26904761904762,0.06885245901639345,6.0,0.0,2.0,39.0,100.83333333333333,4.0,4.25,False,5-6,Q1 (lowest),Q1 (lowest),2024-12-31,Low-Engagement Accounts,True
A-3cc791,Company_423,EdTech,US,other,Enterprise,6,False,False,2024-01-10,2024-01-01,356,1,True,2024-10-09,2024Q1,6-12 months,2024-01-31,True,8,6,2,0,0,0,0.375,0.75,8522,True,False,False,Enterprise,8,8522,98,46,447,28,30,0.10869565217391304,41.397777777777776,53.997101449275355,0.06711409395973154,6.0,1.0,3.0,48.333333333333336,95.83333333333333,4.0,4.25,True,5-6,Q3,Q2,2024-12-31,Casual Accounts,True
A-337bc1,Company_424,Cybersecurity,US,organic,Pro,30,True,False,2023-07-19,2023-07-01,531,2,True,2023-10-21,2023Q3,12-18 months,2024-09-12,True,7,5,2,0,2,2,0.42857142857142855,0.8571428571428571,19379,True,True,True,Enterprise,7,19379,221,43,425,27,34,0.09302325581395349,39.19861111111111,54.695736434108525,0.08,4.0,1.0,2.0,32.5,62.75,3.0,4.0,True,3-4,Q2,Q2,2024-12-31,Casual Accounts,True
A-58b9ff,Company_425,DevTools,IN,partner,Enterprise,2,False,False,2024-05-31,2024-05-01,214,1,True,2024-10-10,2024Q2,6-12 months,2024-06-17,True,13,11,2,1,1,1,0.38461538461538464,0.6153846153846154,22642,True,True,True,Enterprise,12,22244,236,65,667,28,32,0.1076923076923077,55.7575,51.46846153846153,0.047976011994003,2.0,1.0,0.0,66.0,79.0,1.0,4.0,True,1-2,Q3,Q4 (highest),2024-12-31,Engaged Accounts,True
A-bf7919,Company_426,HealthTech,US,organic,Pro,3,False,False,2024-11-27,2024-11-01,34,2,True,2024-12-06,2024Q4,0-6 months,2024-12-10,True,6,3,3,1,0,0,0.6666666666666666,0.6666666666666666,1560,True,False,False,Enterprise,5,825,15,26,262,23,14,0.15384615384615385,21.516111111111112,49.65256410256411,0.05343511450381679,2.0,0.0,1.0,14.5,81.5,1.0,5.0,False,1-2,Q1 (lowest),Q1 (lowest),2024-12-31,Low-Engagement Accounts,False
A-1d5444,Company_427,Cybersecurity,US,partner,Basic,24,False,True,2024-01-18,2024-01-01,348,1,True,2024-06-01,2024Q1,6-12 months,2024-09-16,True,14,12,2,0,2,0,0.6428571428571429,0.7142857142857143,30958,True,True,False,Enterprise,14,30958,322,59,592,28,35,0.1016949152542373,50.564166666666665,51.421186440677964,0.05912162162162162,2.0,0.0,2.0,30.0,62.5,1.0,4.0,False,1-2,Q3,Q3,2024-12-31,Engaged Accounts,False
A-0f3e88,Company_428,HealthTech,US,other,Basic,7,False,True,2023-07-23,2023-07-01,527,1,True,2024-08-11,2023Q3,12-18 months,2024-11-07,True,11,10,1,1,2,0,0.2727272727272727,0.7272727272727273,5624,True,True,False,Enterprise,10,5281,139,59,598,32,28,0.1016949152542373,49.06388888888889,49.8954802259887,0.046822742474916385,3.0,0.0,1.0,48.0,67.0,2.0,4.5,False,3-4,Q4 (highest),Q3,2024-12-31,Engaged Accounts,False
A-7641d3,Company_429,EdTech,US,partner,Pro,8,True,True,2023-02-16,2023-02-01,684,2,True,2023-11-10,2023Q1,18-24 months,2023-10-02,True,11,9,2,0,0,1,0.18181818181818182,0.7272727272727273,12060,True,False,True,Enterprise,11,12060,150,50,519,28,26,0.08,45.765277777777776,54.91833333333333,0.05009633911368015,5.0,2.0,3.0,45.2,124.6,3.0,4.333333333333333,True,5-6,Q3,Q3,2024-12-31,Engaged Accounts,True
A-cd458b,Company_430,DevTools,US,other,Basic,10,True,False,2024-06-15,2024-06-01,199,1,True,2024-11-07,2024Q2,6-12 months,,,15,15,0,1,0,1,0.4666666666666667,0.8666666666666667,43291,False,False,True,Enterprise,14,42740,320,84,864,34,45,0.023809523809523808,74.06222222222222,52.9015873015873,0.052083333333333336,5.0,0.0,4.0,38.4,81.2,5.0,4.6,False,5-6,Q4 (highest),Q4 (highest),2024-12-31,Power Accounts,False
A-c16b88,Company_431,HealthTech,US,event,Enterprise,23,False,False,2023-12-02,2023-12-01,395,1,True,2024-06-01,2023Q4,12-18 months,2024-03-08,True,9,6,3,1,2,0,0.5555555555555556,0.6666666666666666,20338,True,True,False,Enterprise,8,20338,172,48,457,28,24,0.125,43.04416666666667,53.80520833333333,0.0525164113785558,3.0,0.0,2.0,48.333333333333336,137.66666666666666,1.0,3.0,False,3-4,Q3,Q2,2024-12-31,Casual Accounts,False
A-59f724,Company_432,HealthTech,US,other,Enterprise,3,True,False,2023-11-03,2023-11-01,424,0,False,,2023Q4,12-18 months,2024-03-14,True,12,9,3,0,2,0,0.4166666666666667,0.75,9773,True,True,False,Enterprise,12,9773,167,68,696,33,47,0.08823529411764706,61.58083333333333,54.336029411764706,0.06752873563218391,4.0,0.0,3.0,19.25,94.5,4.0,4.25,False,3-4,Q4 (highest),Q4 (highest),2024-12-31,Power Accounts,True
A-87aa7b,Company_433,HealthTech,US,organic,Pro,24,True,False,2024-05-16,2024-05-01,229,3,True,2024-06-07,2024Q2,6-12 months,2024-07-22,True,16,14,2,0,4,2,0.5,0.8125,22881,True,True,True,Enterprise,16,22881,399,72,742,31,35,0.08333333333333333,58.484722222222224,48.73726851851852,0.04716981132075472,3.0,1.0,2.0,27.333333333333332,77.0,0.0,,True,3-4,Q3,Q4 (highest),2024-12-31,Engaged Accounts,True
A-1e6fc3,Company_434,EdTech,FR,other,Pro,1,False,False,2023-12-06,2023-12-01,391,1,True,2024-03-20,2023Q4,12-18 months,2024-01-11,True,4,2,2,1,0,0,0.75,1.0,444,True,False,False,Enterprise,3,444,6,26,244,19,19,0.038461538461538464,23.68722222222222,54.66282051282052,0.0778688524590164,5.0,0.0,3.0,23.8,88.6,3.0,3.6666666666666665,False,5-6,Q1 (lowest),Q1 (lowest),2024-12-31,Low-Engagement Accounts,True
A-39ddf4,Company_435,EdTech,US,partner,Enterprise,40,False,False,2024-12-05,2024-12-01,26,1,True,2024-12-13,2024Q4,0-6 months,,,9,9,0,1,0,0,0.5555555555555556,0.7777777777777778,35836,False,False,False,Enterprise,8,33876,324,46,455,27,36,0.13043478260869565,38.79277777777778,50.59927536231884,0.07912087912087912,5.0,0.0,4.0,23.0,76.2,4.0,4.25,False,5-6,Q2,Q2,2024-12-31,Casual Accounts,True
A-34ea2f,Company_436,HealthTech,US,organic,Enterprise,8,False,True,2024-08-15,2024-08-01,138,2,True,2024-10-05,2024Q3,0-6 months,2024-09-24,True,12,9,3,2,3,0,0.5833333333333334,0.6666666666666666,14583,True,True,False,Enterprise,10,10404,216,57,550,29,30,0.05263157894736842,48.65472222222222,51.2154970760234,0.05454545454545454,8.0,0.0,3.0,35.25,65.625,5.0,3.8,False,7+,Q3,Q3,2024-12-31,Engaged Accounts,False
A-716841,Company_437,FinTech,US,other,Pro,45,False,False,2024-05-06,2024-05-01,239,1,True,2024-11-13,2024Q2,6-12 months,2024-05-14,True,8,6,2,0,0,0,0.625,1.0,26234,True,False,False,Enterprise,8,26234,386,34,344,26,13,0.029411764705882353,30.878055555555555,54.490686274509805,0.0377906976744186,5.0,0.0,0.0,29.8,112.8,3.0,4.0,False,5-6,Q2,Q1 (lowest),2024-12-31,Low-Engagement Accounts,False
A-558c72,Company_438,FinTech,US,organic,Basic,12,False,False,2023-06-01,2023-06-01,579,1,True,2024-11-28,2023Q2,18-24 months,,,7,7,0,1,1,0,0.2857142857142857,0.8571428571428571,9171,False,True,False,Enterprise,6,6783,147,30,296,19,16,0.13333333333333333,23.204722222222223,46.409444444444446,0.05405405405405406,4.0,1.0,2.0,64.25,79.25,2.0,4.5,True,3-4,Q1 (lowest),Q1 (lowest),2024-12-31,Low-Engagement Accounts,True
A-b11cd0,Company_439,DevTools,US,ads,Pro,26,True,True,2023-01-20,2023-01-01,711,0,False,,2023Q1,18-24 months,2023-04-01,True,6,4,2,2,0,0,0.3333333333333333,1.0,4806,True,False,False,Pro,4,4312,88,29,278,21,16,0.034482758620689655,23.808611111111112,49.25919540229885,0.05755395683453238,4.0,0.0,0.0,38.5,140.75,2.0,4.0,False,3-4,Q1 (lowest),Q1 (lowest),2024-12-31,Low-Engagement Accounts,False
A-cc1d8d,Company_440,FinTech,US,other,Pro,5,False,False,2024-12-08,2024-12-01,23,2,True,2024-12-17,2024Q4,0-6 months,2024-12-13,True,13,10,3,0,1,1,0.46153846153846156,0.8461538461538461,8947,True,True,True,Enterprise,13,8947,193,63,618,33,48,0.1746031746031746,56.768055555555556,54.06481481481481,0.07766990291262135,5.0,0.0,2.0,30.2,100.5,2.0,4.5,False,5-6,Q4 (highest),Q3,2024-12-31,Engaged Accounts,True
A-7f4db3,Company_441,FinTech,US,other,Pro,4,False,False,2023-03-05,2023-03-01,667,1,True,2023-03-21,2023Q1,18-24 months,2023-04-05,True,15,11,4,3,0,1,0.6,0.8666666666666667,26276,True,False,True,Enterprise,12,21304,196,90,844,36,46,0.06666666666666667,77.22222222222223,51.48148148148148,0.054502369668246446,5.0,1.0,2.0,16.6,91.4,4.0,3.25,True,5-6,Q4 (highest),Q4 (highest),2024-12-31,Power Accounts,True
A-db5e9e,Company_442,DevTools,US,partner,Basic,4,False,False,2024-11-09,2024-11-01,52,1,True,2024-12-29,2024Q4,0-6 months,2024-12-09,True,8,6,2,1,0,1,0.5,0.75,9251,True,False,True,Enterprise,7,5868,102,57,586,29,27,0.12280701754385964,47.459722222222226,49.95760233918129,0.04607508532423208,2.0,0.0,0.0,66.0,97.5,2.0,5.0,False,1-2,Q3,Q3,2024-12-31,Engaged Accounts,False
A-cc102e,Company_443,HealthTech,US,partner,Enterprise,13,False,False,2024-04-15,2024-04-01,260,2,True,2024-04-25,2024Q2,6-12 months,2024-12-11,True,10,9,1,1,1,0,0.4,0.8,10063,True,True,False,Enterprise,9,8005,115,43,394,26,39,0.11627906976744186,33.76777777777778,47.117829457364344,0.09898477157360407,4.0,0.0,1.0,33.25,114.33333333333333,3.0,4.333333333333333,False,3-4,Q2,Q2,2024-12-31,Casual Accounts,True
A-82d8a6,Company_444,Cybersecurity,UK,ads,Basic,5,False,False,2024-11-28,2024-11-01,33,1,True,2024-12-29,2024Q4,0-6 months,2024-12-14,True,17,13,4,4,5,2,0.47058823529411764,0.8823529411764706,27966,True,True,True,Enterprise,13,27626,344,70,661,32,38,0.12857142857142856,55.14944444444444,47.27095238095238,0.057488653555219364,5.0,0.0,3.0,42.2,112.0,2.0,3.5,False,5-6,Q4 (highest),Q4 (highest),2024-12-31,Power Accounts,False
A-dec005,Company_445,HealthTech,US,partner,Pro,21,False,False,2023-10-13,2023-10-01,445,1,True,2024-11-23,2023Q4,12-18 months,2023-10-17,True,10,8,2,1,1,0,0.3,0.7,30744,True,True,False,Enterprise,9,19998,162,51,475,31,44,0.11764705882352941,40.33694444444444,47.45522875816994,0.09263157894736843,2.0,0.0,1.0,59.0,152.0,1.0,3.0,False,1-2,Q3,Q2,2024-12-31,Casual Accounts,True
A-5790f4,Company_446,FinTech,UK,event,Pro,1,True,False,2024-12-22,2024-12-01,9,3,True,2024-12-25,2024Q4,0-6 months,2024-12-22,True,6,5,1,1,0,0,0.5,0.5,18926,True,False,False,Enterprise,5,17334,126,35,321,25,26,0.05714285714285714,26.635555555555555,45.66095238095238,0.08099688473520249,4.0,1.0,1.0,44.0,57.25,1.0,4.0,True,3-4,Q2,Q1 (lowest),2024-12-31,Low-Engagement Accounts,True
A-7c83a1,Company_447,Cybersecurity,US,partner,Pro,12,False,False,2024-05-06,2024-05-01,239,1,True,2024-05-19,2024Q2,6-12 months,2024-09-20,True,12,10,2,3,0,1,0.3333333333333333,0.9166666666666666,16731,True,False,True,Enterprise,9,10741,139,62,632,29,23,0.06451612903225806,56.530277777777776,54.70672043010753,0.03639240506329114,4.0,0.0,2.0,42.0,86.25,4.0,4.0,False,3-4,Q3,Q4 (highest),2024-12-31,Engaged Accounts,False
A-297a2d,Company_448,HealthTech,UK,event,Pro,27,False,False,2023-05-05,2023-05-01,606,0,False,,2023Q2,18-24 months,2023-08-15,True,5,4,1,0,3,0,0.8,0.8,14373,True,True,False,Enterprise,5,14373,117,25,244,23,22,0.24,19.558888888888887,46.94133333333333,0.09016393442622951,2.0,0.0,2.0,32.5,84.5,1.0,3.0,False,1-2,Q1 (lowest),Q1 (lowest),2024-12-31,Low-Engagement Accounts,True
A-4c56c9,Company_449,FinTech,US,partner,Enterprise,9,False,True,2023-12-20,2023-12-01,377,1,True,2024-04-05,2023Q4,12-18 months,2024-07-28,True,13,11,2,3,0,0,0.6153846153846154,0.7692307692307693,30471,True,False,False,Enterprise,10,16256,164,64,623,34,38,0.109375,54.424166666666665,51.02265625,0.060995184590690206,5.0,0.0,2.0,38.6,68.2,4.0,3.75,False,5-6,Q4 (highest),Q4 (highest),2024-12-31,Power Accounts,False
A-cbbe12,Company_450,Cybersecurity,DE,partner,Enterprise,40,False,False,2023-03-22,2023-03-01,650,0,False,,2023Q1,18-24 months,2023-07-21,True,6,4,2,2,1,1,0.16666666666666666,0.8333333333333334,13081,True,True,True,Enterprise,4,12321,129,22,178,14,10,0.0,13.884166666666667,37.86590909090909,0.056179775280898875,6.0,0.0,4.0,38.0,74.5,4.0,4.25,False,5-6,Q1 (lowest),Q1 (lowest),2024-12-31,Low-Engagement Accounts,False
A-4a267b,Company_451,FinTech,US,other,Pro,25,False,False,2024-05-05,2024-05-01,240,1,True,2024-06-17,2024Q2,6-12 months,2024-08-29,True,10,8,2,2,1,1,0.6,0.9,29687,True,True,True,Enterprise,8,22458,192,50,498,31,22,0.14,41.94,50.327999999999996,0.04417670682730924,4.0,0.0,2.0,16.25,119.66666666666667,3.0,4.333333333333333,False,3-4,Q3,Q2,2024-12-31,Casual Accounts,False
A-bcbe98,Company_452,Cybersecurity,US,other,Enterprise,46,False,False,2024-07-29,2024-07-01,155,1,True,2024-11-25,2024Q3,0-6 months,2024-09-18,True,11,9,2,0,2,1,0.5454545454545454,0.8181818181818182,21666,True,True,True,Enterprise,11,21666,414,65,635,34,43,0.18461538461538463,48.2275,44.51769230769231,0.06771653543307087,7.0,1.0,4.0,38.285714285714285,61.57142857142857,3.0,4.0,True,7+,Q4 (highest),Q4 (highest),2024-12-31,Power Accounts,True
A-427b69,Company_453,FinTech,US,other,Basic,17,False,False,2024-08-23,2024-08-01,130,0,False,,2024Q3,0-6 months,2024-09-27,True,10,8,2,1,0,0,0.6,0.7,19958,True,False,False,Enterprise,9,18194,146,70,698,32,36,0.15714285714285714,59.94555555555556,51.38190476190476,0.05157593123209169,2.0,0.0,1.0,31.5,109.5,1.0,3.0,False,1-2,Q4 (highest),Q4 (highest),2024-12-31,Power Accounts,False
A-0be015,Company_454,FinTech,US,event,Pro,19,False,False,2024-10-15,2024-10-01,77,1,True,2024-12-13,2024Q4,0-6 months,2024-12-24,False,5,3,2,1,0,0,0.4,0.6,1178,True,False,False,Pro,4,817,43,28,297,19,13,0.10714285714285714,24.50138888888889,52.50297619047619,0.04377104377104377,7.0,1.0,4.0,40.285714285714285,84.85714285714286,5.0,4.2,True,7+,Q1 (lowest),Q1 (lowest),2024-12-31,Low-Engagement Accounts,True
A-054577,Company_455,EdTech,UK,ads,Basic,2,False,False,2024-04-28,2024-04-01,247,0,False,,2024Q2,6-12 months,2024-12-01,True,16,15,1,1,1,1,0.3125,0.875,44601,True,True,True,Enterprise,15,44145,465,85,833,36,52,0.11764705882352941,61.04083333333333,43.087647058823535,0.062424969987995196,1.0,0.0,1.0,46.0,70.0,1.0,4.0,False,1-2,Q4 (highest),Q4 (highest),2024-12-31,Power Accounts,False
A-bc87bc,Company_456,FinTech,US,event,Pro,3,False,False,2024-07-17,2024-07-01,167,0,False,,2024Q3,0-6 months,2024-12-01,True,8,7,1,2,0,0,0.5,1.0,12032,True,False,False,Enterprise,6,11690,80,36,394,24,14,0.08333333333333333,37.544444444444444,62.57407407407407,0.03553299492385787,7.0,0.0,4.0,40.57142857142857,112.0,4.0,3.75,False,7+,Q2,Q2,2024-12-31,Casual Accounts,False
A-0f7d77,Company_457,FinTech,IN,partner,Pro,3,False,False,2024-10-28,2024-10-01,64,1,True,2024-11-09,2024Q4,0-6 months,2024-12-01,True,6,5,1,1,0,0,0.3333333333333333,0.5,2326,True,False,False,Enterprise,5,2326,34,30,298,23,19,0.03333333333333333,26.0925,52.184999999999995,0.06375838926174497,5.0,0.0,3.0,27.2,74.6,2.0,5.0,False,5-6,Q1 (lowest),Q1 (lowest),2024-12-31,Low-Engagement Accounts,False
A-e7beab,Company_458,EdTech,DE,organic,Enterprise,5,False,False,2023-10-20,2023-10-01,438,1,True,2024-04-25,2023Q4,12-18 months,2024-01-05,True,7,6,1,3,0,0,0.42857142857142855,1.0,11332,True,False,False,Enterprise,4,5913,87,36,373,22,17,0.05555555555555555,36.409444444444446,60.6824074074074,0.045576407506702415,6.0,0.0,2.0,36.666666666666664,121.8,4.0,4.0,False,5-6,Q1 (lowest),Q2,2024-12-31,Casual Accounts,False
A-a09355,Company_459,FinTech,US,organic,Basic,14,False,False,2024-08-10,2024-08-01,143,2,True,2024-09-13,2024Q3,0-6 months,2024-10-27,True,16,15,1,1,0,1,0.375,0.875,34140,True,False,True,Enterprise,15,33454,256,78,788,33,47,0.10256410256410256,60.29555555555555,46.38119658119658,0.05964467005076142,5.0,0.0,3.0,32.6,66.6,3.0,4.0,False,5-6,Q4 (highest),Q4 (highest),2024-12-31,Power Accounts,False
A-31ab9a,Company_460,FinTech,DE,organic,Pro,3,False,False,2024-03-03,2024-03-01,303,2,True,2024-08-09,2024Q1,6-12 months,2024-08-29,True,7,6,1,0,0,0,0.42857142857142855,0.8571428571428571,15802,True,False,False,Enterprise,7,15802,148,34,340,19,23,0.11764705882352941,36.088055555555556,63.68480392156862,0.06764705882352941,7.0,0.0,3.0,43.142857142857146,67.71428571428571,4.0,3.5,False,7+,Q1 (lowest),Q1 (lowest),2024-12-31,Low-Engagement Accounts,True
A-0158bb,Company_461,FinTech,DE,partner,Basic,5,False,False,2024-05-22,2024-05-01,223,0,False,,2024Q2,6-12 months,2024-05-30,True,6,4,2,0,1,0,0.3333333333333333,0.8333333333333334,4070,True,True,False,Enterprise,6,4070,110,36,364,19,22,0.08333333333333333,33.903055555555554,56.5050925925926,0.06043956043956044,1.0,0.0,1.0,32.0,50.0,1.0,3.0,False,1-2,Q1 (lowest),Q1 (lowest),2024-12-31,Low-Engagement Accounts,False
A-f19b24,Company_462,Cybersecurity,US,organic,Pro,29,True,False,2023-01-10,2023-01-01,721,0,False,,2023Q1,18-24 months,,,3,3,0,0,0,0,0.3333333333333333,1.0,2523,False,False,False,Pro,3,2523,87,12,119,12,10,0.0,12.78111111111111,63.90555555555556,0.08403361344537816,2.0,1.0,1.0,35.5,74.0,1.0,4.0,True,1-2,Q1 (lowest),Q1 (lowest),2024-12-31,Low-Engagement Accounts,True
A-798a3f,Company_463,DevTools,FR,other,Enterprise,12,False,True,2023-10-19,2023-10-01,439,1,True,2024-07-19,2023Q4,12-18 months,2024-02-24,True,9,7,2,2,1,0,0.5555555555555556,0.7777777777777778,14152,True,True,False,Enterprise,7,13563,117,37,352,19,19,0.08108108108108109,29.20722222222222,47.36306306306306,0.05397727272727273,5.0,0.0,5.0,33.0,45.2,3.0,4.0,False,5-6,Q1 (lowest),Q1 (lowest),2024-12-31,Low-Engagement Accounts,False
A-42b791,Company_464,FinTech,AU,event,Pro,3,False,False,2024-05-20,2024-05-01,225,0,False,,2024Q2,6-12 months,,,7,7,0,1,0,0,0.42857142857142855,0.5714285714285714,19060,False,False,False,Enterprise,6,18547,163,32,312,19,6,0.0625,23.525833333333335,44.1109375,0.019230769230769232,3.0,0.0,2.0,33.666666666666664,72.0,2.0,4.0,False,3-4,Q1 (lowest),Q1 (lowest),2024-12-31,Low-Engagement Accounts,False
A-068fc6,Company_465,EdTech,US,event,Enterprise,35,False,False,2023-07-17,2023-07-01,533,0,False,,2023Q3,12-18 months,2024-01-02,True,10,9,1,1,1,0,0.2,0.9,29085,True,True,False,Enterprise,9,22120,280,59,598,32,29,0.0847457627118644,52.51027777777778,53.40028248587571,0.048494983277591976,5.0,0.0,4.0,38.8,121.4,3.0,4.333333333333333,False,5-6,Q4 (highest),Q3,2024-12-31,Engaged Accounts,False
A-6f50ae,Company_466,FinTech,US,partner,Pro,19,False,True,2023-09-21,2023-09-01,467,2,True,2023-11-06,2023Q3,12-18 months,2023-11-27,True,14,12,2,0,0,1,0.5714285714285714,0.6428571428571429,26608,True,False,True,Enterprise,14,26608,262,83,811,35,48,0.060240963855421686,66.67,48.195180722891564,0.059186189889025895,5.0,0.0,2.0,31.0,88.5,4.0,4.5,False,5-6,Q4 (highest),Q4 (highest),2024-12-31,Power Accounts,False
A-a2485e,Company_467,FinTech,US,event,Pro,3,True,False,2024-08-04,2024-08-01,149,0,False,,2024Q3,0-6 months,,,6,6,0,0,0,1,0.6666666666666666,0.6666666666666666,8775,False,False,True,Enterprise,6,8775,135,28,317,22,13,0.17857142857142858,28.513055555555557,61.099404761904765,0.04100946372239748,0.0,0.0,0.0,,,0.0,,False,0,Q1 (lowest),Q1 (lowest),2024-12-31,Low-Engagement Accounts,False
A-bb1eaa,Company_468,Cybersecurity,US,organic,Basic,21,False,False,2024-06-11,2024-06-01,203,1,True,2024-08-15,2024Q2,6-12 months,,,5,5,0,0,0,1,0.6,1.0,10381,False,False,True,Enterprise,5,10381,109,17,164,15,7,0.11764705882352941,12.59361111111111,44.44803921568628,0.042682926829268296,6.0,0.0,5.0,23.5,93.25,2.0,4.5,False,5-6,Q1 (lowest),Q1 (lowest),2024-12-31,Low-Engagement Accounts,False
A-cc98bc,Company_469,DevTools,US,ads,Basic,32,False,False,2023-05-24,2023-05-01,587,0,False,,2023Q2,18-24 months,2023-06-05,True,10,8,2,1,1,0,0.5,0.9,21567,True,True,False,Enterprise,9,19999,271,53,551,29,24,0.05660377358490566,44.575,50.4622641509434,0.043557168784029036,3.0,0.0,1.0,4.666666666666667,104.0,1.0,4.0,False,3-4,Q3,Q3,2024-12-31,Engaged Accounts,False
A-d77f4c,Company_470,DevTools,US,partner,Pro,4,True,False,2023-09-25,2023-09-01,463,3,True,2024-08-06,2023Q3,12-18 months,2023-11-10,True,14,13,1,2,4,1,0.42857142857142855,0.7857142857142857,48726,True,True,True,Enterprise,12,48378,282,62,617,31,32,0.0967741935483871,50.568333333333335,48.93709677419354,0.05186385737439222,2.0,0.0,1.0,31.0,75.0,2.0,4.0,False,1-2,Q3,Q3,2024-12-31,Engaged Accounts,False
A-ccabf0,Company_471,HealthTech,IN,organic,Pro,1,False,False,2023-11-06,2023-11-01,421,2,True,2024-05-05,2023Q4,12-18 months,2024-10-15,False,10,9,1,2,0,1,0.7,0.9,22379,True,False,True,Enterprise,8,22281,159,50,506,31,29,0.16,46.96888888888889,56.36266666666667,0.05731225296442688,4.0,0.0,2.0,46.25,89.75,3.0,3.6666666666666665,False,3-4,Q3,Q3,2024-12-31,Engaged Accounts,False
A-700ade,Company_472,Cybersecurity,UK,organic,Enterprise,1,True,False,2024-10-31,2024-10-01,61,0,False,,2024Q4,0-6 months,,,8,8,0,2,0,0,0.375,0.625,16875,False,False,False,Enterprise,6,13859,131,29,284,20,18,0.06896551724137931,23.716944444444444,49.06954022988506,0.06338028169014084,4.0,0.0,3.0,30.25,53.5,3.0,4.666666666666667,False,3-4,Q1 (lowest),Q1 (lowest),2024-12-31,Low-Engagement Accounts,False
A-4a4c2d,Company_473,DevTools,US,event,Enterprise,54,False,False,2023-05-02,2023-05-01,609,0,False,,2023Q2,18-24 months,2024-02-23,True,13,11,2,1,1,1,0.38461538461538464,0.7692307692307693,33966,True,True,True,Enterprise,12,32940,540,59,587,28,37,0.01694915254237288,45.61333333333334,46.3864406779661,0.06303236797274275,5.0,0.0,2.0,42.0,104.0,4.0,4.25,False,5-6,Q3,Q3,2024-12-31,Engaged Accounts,False
A-b7ef83,Company_474,Cybersecurity,UK,partner,Pro,1,True,False,2024-05-29,2024-05-01,216,2,True,2024-06-01,2024Q2,6-12 months,,,15,15,0,1,2,0,0.5333333333333333,0.6666666666666666,35868,False,True,False,Enterprise,14,26913,267,72,738,34,39,0.1111111111111111,60.215833333333336,50.17986111111111,0.052845528455284556,2.0,0.0,1.0,47.5,79.0,1.0,4.0,False,1-2,Q4 (highest),Q4 (highest),2024-12-31,Power Accounts,False
A-e08cd3,Company_475,FinTech,US,ads,Pro,67,True,False,2024-09-21,2024-09-01,101,2,True,2024-09-21,2024Q3,0-6 months,2024-12-14,True,11,10,1,1,0,1,0.45454545454545453,0.6363636363636364,71020,True,False,True,Enterprise,10,67737,603,43,432,30,21,0.16279069767441862,38.35111111111111,53.51317829457364,0.04861111111111111,8.0,0.0,6.0,30.375,93.0,4.0,4.0,False,7+,Q3,Q2,2024-12-31,Casual Accounts,False
A-19b2c8,Company_476,DevTools,IN,other,Pro,20,False,False,2023-06-06,2023-06-01,574,1,True,2024-08-16,2023Q2,18-24 months,2024-08-30,True,13,12,1,0,1,0,0.46153846153846156,0.6923076923076923,26703,True,True,False,Enterprise,13,26703,267,63,601,31,34,0.06349206349206349,52.33361111111111,49.841534391534395,0.056572379367720464,3.0,0.0,1.0,29.333333333333332,90.0,3.0,4.666666666666667,False,3-4,Q3,Q3,2024-12-31,Engaged Accounts,False
A-970c97,Company_477,HealthTech,DE,other,Enterprise,14,False,False,2024-03-01,2024-03-01,305,0,False,,2024Q1,6-12 months,,,8,8,0,1,0,1,0.625,0.5,15381,False,False,True,Enterprise,7,14868,132,44,444,26,24,0.045454545454545456,37.147777777777776,50.656060606060606,0.05405405405405406,1.0,0.0,1.0,61.0,139.0,1.0,5.0,False,1-2,Q2,Q2,2024-12-31,Casual Accounts,False
A-6dee43,Company_478,FinTech,UK,other,Basic,3,True,False,2023-08-12,2023-08-01,507,1,True,2024-01-14,2023Q3,12-18 months,2024-05-27,True,11,9,2,1,1,0,0.7272727272727273,0.7272727272727273,22770,True,True,False,Enterprise,10,20075,155,48,461,28,11,0.041666666666666664,39.593333333333334,49.49166666666667,0.02386117136659436,5.0,0.0,5.0,44.2,48.8,3.0,4.333333333333333,False,5-6,Q3,Q2,2024-12-31,Casual Accounts,False
A-5ed98d,Company_479,DevTools,US,partner,Basic,24,False,False,2024-06-22,2024-06-01,192,2,True,2024-09-27,2024Q2,6-12 months,2024-12-21,False,8,7,1,0,1,0,0.625,0.875,15478,True,True,False,Enterprise,8,15478,202,32,312,23,18,0.0625,25.087222222222223,47.03854166666667,0.057692307692307696,5.0,0.0,2.0,35.8,91.8,1.0,5.0,False,5-6,Q1 (lowest),Q1 (lowest),2024-12-31,Low-Engagement Accounts,False
A-c58f49,Company_480,EdTech,US,other,Enterprise,70,True,False,2024-07-31,2024-07-01,153,3,True,2024-08-27,2024Q3,0-6 months,2024-11-02,True,7,6,1,0,1,0,0.2857142857142857,1.0,70980,True,True,False,Enterprise,7,70980,420,38,363,24,22,0.07894736842105263,30.15,47.60526315789473,0.06060606060606061,3.0,1.0,2.0,36.333333333333336,60.0,1.0,5.0,True,3-4,Q2,Q1 (lowest),2024-12-31,Low-Engagement Accounts,True
A-9c18c4,Company_481,HealthTech,US,ads,Pro,11,False,True,2023-07-27,2023-07-01,523,0,False,,2023Q3,12-18 months,2024-07-30,True,10,9,1,2,3,0,0.5,0.9,17823,True,True,False,Enterprise,8,13814,86,56,556,30,37,0.07142857142857142,49.570277777777775,53.1110119047619,0.06654676258992806,4.0,0.0,2.0,42.25,130.25,2.0,4.0,False,3-4,Q3,Q3,2024-12-31,Engaged Accounts,True
A-cc8c8f,Company_482,DevTools,US,ads,Enterprise,23,False,False,2024-06-16,2024-06-01,198,1,True,2024-09-12,2024Q2,6-12 months,2024-07-16,True,7,5,2,1,1,1,0.7142857142857143,0.8571428571428571,15600,True,True,True,Enterprise,6,15600,120,28,268,20,18,0.03571428571428571,18.60638888888889,39.87083333333333,0.06716417910447761,2.0,0.0,2.0,14.5,123.0,2.0,3.5,False,1-2,Q1 (lowest),Q1 (lowest),2024-12-31,Low-Engagement Accounts,True
A-5f7781,Company_483,DevTools,US,other,Pro,22,False,False,2024-08-20,2024-08-01,133,1,True,2024-12-25,2024Q3,0-6 months,2024-08-27,True,5,4,1,0,1,0,0.6,0.8,10252,True,True,False,Enterprise,5,10252,88,18,183,16,10,0.1111111111111111,19.306944444444444,64.35648148148148,0.0546448087431694,2.0,0.0,2.0,28.5,42.0,1.0,4.0,False,1-2,Q1 (lowest),Q1 (lowest),2024-12-31,Low-Engagement Accounts,False
A-e1b9cd,Company_484,DevTools,US,event,Pro,40,False,True,2023-02-26,2023-02-01,674,1,True,2024-10-01,2023Q1,18-24 months,2024-09-28,True,15,14,1,3,0,3,0.4666666666666667,0.6666666666666666,37042,True,False,True,Enterprise,12,26362,538,80,840,34,47,0.1125,67.67111111111112,50.75333333333333,0.055952380952380955,1.0,0.0,1.0,35.0,115.0,1.0,3.0,False,1-2,Q4 (highest),Q4 (highest),2024-12-31,Power Accounts,False
A-ac85cd,Company_485,EdTech,US,partner,Enterprise,53,False,False,2024-07-31,2024-07-01,153,2,True,2024-10-20,2024Q3,0-6 months,2024-12-09,True,12,11,1,3,1,2,0.5,0.9166666666666666,41267,True,True,True,Enterprise,9,37663,517,63,634,30,29,0.07936507936507936,48.88944444444444,46.56137566137566,0.04574132492113565,3.0,0.0,0.0,33.666666666666664,76.33333333333333,2.0,3.5,False,3-4,Q3,Q4 (highest),2024-12-31,Engaged Accounts,False
A-d792a6,Company_486,DevTools,US,organic,Enterprise,4,False,False,2023-01-23,2023-01-01,708,2,True,2023-09-11,2023Q1,18-24 months,2023-03-18,True,15,11,4,1,1,1,0.5333333333333333,0.9333333333333333,23049,True,True,True,Enterprise,14,22954,196,68,690,32,40,0.10294117647058823,56.49861111111111,49.85171568627451,0.057971014492753624,5.0,0.0,3.0,40.6,97.8,2.0,4.0,False,5-6,Q4 (highest),Q4 (highest),2024-12-31,Power Accounts,False
A-ac9111,Company_487,HealthTech,US,event,Pro,21,True,False,2023-08-12,2023-08-01,507,1,True,2024-06-25,2023Q3,12-18 months,2024-02-18,True,16,14,2,2,0,1,0.4375,0.875,26626,True,False,True,Enterprise,14,25828,292,83,808,36,46,0.12048192771084337,70.64722222222223,51.070281124497996,0.05693069306930693,3.0,0.0,2.0,24.666666666666668,89.66666666666667,1.0,5.0,False,3-4,Q4 (highest),Q4 (highest),2024-12-31,Power Accounts,False
A-18793f,Company_488,EdTech,US,organic,Basic,148,True,False,2024-12-18,2024-12-01,13,1,True,2024-12-30,2024Q4,0-6 months,2024-12-24,True,11,9,2,1,1,0,0.45454545454545453,0.8181818181818182,78588,True,True,False,Enterprise,10,75776,1184,48,486,30,20,0.08333333333333333,46.75277777777778,58.44097222222222,0.0411522633744856,5.0,0.0,2.0,45.2,101.6,5.0,3.8,False,5-6,Q3,Q2,2024-12-31,Casual Accounts,False
A-9f0b68,Company_489,EdTech,US,ads,Basic,10,False,False,2024-04-28,2024-04-01,247,2,True,2024-08-10,2024Q2,6-12 months,2024-11-30,False,12,11,1,0,2,1,0.6666666666666666,0.75,28518,True,True,True,Enterprise,12,28518,222,70,709,36,33,0.17142857142857143,53.92305555555556,46.2197619047619,0.0465444287729196,3.0,0.0,2.0,30.333333333333332,96.33333333333333,1.0,3.0,False,3-4,Q4 (highest),Q4 (highest),2024-12-31,Power Accounts,False
A-d3c88e,Company_490,DevTools,US,event,Pro,16,False,False,2024-10-18,2024-10-01,74,1,True,2024-11-18,2024Q4,0-6 months,2024-10-27,True,13,11,2,0,3,0,0.46153846153846156,0.6923076923076923,26183,True,True,False,Enterprise,13,26183,227,64,644,33,48,0.171875,56.80083333333334,53.25078125,0.07453416149068323,3.0,0.0,3.0,58.0,48.0,1.0,4.0,False,3-4,Q4 (highest),Q4 (highest),2024-12-31,Power Accounts,True
A-ccb686,Company_491,DevTools,US,other,Basic,10,False,False,2024-01-22,2024-01-01,344,3,True,2024-06-22,2024Q1,6-12 months,2024-03-23,True,12,10,2,1,4,1,0.5833333333333334,0.6666666666666666,21541,True,True,True,Enterprise,11,21351,219,70,721,35,46,0.11428571428571428,56.62444444444444,48.5352380952381,0.0638002773925104,1.0,0.0,1.0,67.0,30.0,1.0,4.0,False,1-2,Q4 (highest),Q4 (highest),2024-12-31,Power Accounts,False
A-118f1c,Company_492,Cybersecurity,US,other,Pro,32,False,False,2024-10-31,2024-10-01,61,1,True,2024-12-17,2024Q4,0-6 months,2024-12-10,True,8,7,1,2,0,0,0.75,0.625,52160,True,False,False,Enterprise,6,26080,160,38,369,22,14,0.05263157894736842,26.893333333333334,42.46315789473684,0.037940379403794036,1.0,0.0,0.0,64.0,141.0,1.0,3.0,False,1-2,Q1 (lowest),Q1 (lowest),2024-12-31,Low-Engagement Accounts,False
A-0e966d,Company_493,FinTech,IN,ads,Basic,11,False,True,2024-06-25,2024-06-01,189,0,False,,2024Q2,6-12 months,2024-08-17,True,11,10,1,1,0,0,0.5454545454545454,0.8181818181818182,12445,True,False,False,Enterprise,10,12236,194,64,636,31,34,0.171875,54.9125,51.48046875,0.05345911949685535,3.0,1.0,1.0,31.666666666666668,95.33333333333333,2.0,4.5,True,3-4,Q3,Q4 (highest),2024-12-31,Engaged Accounts,True
A-b9f5b1,Company_494,Cybersecurity,US,other,Pro,15,True,False,2023-01-24,2023-01-01,707,1,True,2023-07-21,2023Q1,18-24 months,2023-03-12,True,7,4,3,1,0,0,0.7142857142857143,0.7142857142857143,7072,True,False,False,Enterprise,6,7072,88,30,307,21,12,0.1,25.16,50.32,0.03908794788273615,6.0,1.0,2.0,31.833333333333332,75.66666666666667,6.0,3.3333333333333335,True,5-6,Q1 (lowest),Q1 (lowest),2024-12-31,Low-Engagement Accounts,True
A-8ae3fc,Company_495,DevTools,CA,ads,Pro,9,False,False,2024-06-28,2024-06-01,186,1,True,2024-08-10,2024Q2,6-12 months,2024-10-12,True,8,7,1,0,0,0,0.5,1.0,4447,True,False,False,Enterprise,8,4447,133,39,402,26,30,0.1282051282051282,36.178333333333335,55.658974358974355,0.07462686567164178,4.0,0.0,4.0,39.5,65.5,2.0,3.5,False,3-4,Q2,Q2,2024-12-31,Casual Accounts,True
A-55f257,Company_496,FinTech,US,organic,Basic,9,False,False,2023-12-21,2023-12-01,376,0,False,,2023Q4,12-18 months,2024-01-12,True,10,7,3,0,3,0,0.6,0.8,12137,True,True,False,Enterprise,10,12137,113,53,476,31,25,0.11320754716981132,40.547777777777775,45.903144654088045,0.052521008403361345,6.0,0.0,3.0,43.166666666666664,114.5,4.0,5.0,False,5-6,Q3,Q2,2024-12-31,Casual Accounts,False
A-d26ab4,Company_497,DevTools,UK,organic,Basic,9,False,True,2024-11-07,2024-11-01,54,1,True,2024-12-26,2024Q4,0-6 months,2024-11-08,True,9,5,4,1,0,1,0.4444444444444444,0.7777777777777778,16613,True,False,True,Enterprise,8,15731,89,46,458,24,24,0.06521739130434782,33.716388888888886,43.97789855072464,0.05240174672489083,2.0,0.0,1.0,49.5,110.0,1.0,4.0,False,1-2,Q2,Q2,2024-12-31,Casual Accounts,False
A-712533,Company_498,EdTech,US,organic,Pro,18,False,False,2023-07-31,2023-07-01,519,1,True,2024-07-18,2023Q3,12-18 months,2023-08-13,True,12,10,2,0,1,0,0.4166666666666667,0.9166666666666666,19382,True,True,False,Enterprise,12,19382,278,55,571,32,35,0.07272727272727272,50.01555555555556,54.562424242424235,0.06129597197898424,5.0,0.0,2.0,37.4,97.2,4.0,3.75,False,5-6,Q4 (highest),Q3,2024-12-31,Engaged Accounts,False
A-781cc0,Company_499,EdTech,US,organic,Pro,12,False,False,2024-09-04,2024-09-01,118,2,True,2024-10-12,2024Q3,0-6 months,2024-10-09,True,16,13,3,2,2,0,0.4375,0.6875,18315,True,True,False,Enterprise,14,14555,185,87,864,31,42,0.08045977011494253,75.00222222222222,51.72567049808429,0.04861111111111111,4.0,0.0,3.0,57.5,106.0,3.0,3.6666666666666665,False,3-4,Q3,Q4 (highest),2024-12-31,Engaged Accounts,False
